file,sweep,set,factor,value,n_prc,n_tsk,n_frq,u_mand_factor,u_opt_factor,rho,xi,U_M,U_O,B,H,J,e_mand_fmax,e_full_fmax,e_mand_min,feasible,donate_ok,seed,redraws,model,status,model_feasible,utility,energy,util_per_energy,runtime,gap,error,online_utility,online_added,online_feasible,online_wcet_energy,online_realised_energy,online_trim_loss,online_trim_events,online_mean_theta,online_runtime
rho\set00\rho_0.5.py,rho,0,rho,0.5,2,5,5,0.5,0.5,0.5,0.6,1.0,0.5,34.500002,40,13,46.000002,69.000005,22.042858,1,1,1000,0,ilp_v1,optimal,1,41.84899,34.490655,1.213343,0.8848,0.0,,45.433578,3.584588,1,36.102767,32.49249,0.0,0,0.9,0.0093
rho\set00\rho_0.5.py,rho,0,rho,0.5,2,5,5,0.5,0.5,0.5,0.6,1.0,0.5,34.500002,40,13,46.000002,69.000005,22.042858,1,1,1000,0,ilp_v2,optimal,1,37.439498,34.486117,1.08564,0.3239,0.0,,41.85436,4.414861,1,36.848625,33.163763,0.0,0,0.9,0.0094
rho\set00\rho_0.5.py,rho,0,rho,0.5,2,5,5,0.5,0.5,0.5,0.6,1.0,0.5,34.500002,40,13,46.000002,69.000005,22.042858,1,1,1000,0,ilp_v3,optimal,1,36.966056,34.432134,1.073592,0.2141,0.0,,40.926996,3.96094,1,37.306272,33.575645,0.0,0,0.9,0.0039
rho\set00\rho_0.5.py,rho,0,rho,0.5,2,5,5,0.5,0.5,0.5,0.6,1.0,0.5,34.500002,40,13,46.000002,69.000005,22.042858,1,1,1000,0,ilp_v4,optimal,1,39.920555,34.478112,1.157852,0.5304,0.0,,42.703443,2.782889,1,36.43964,32.795676,0.0,0,0.9,0.0044
rho\set01\rho_0.5.py,rho,1,rho,0.5,2,5,5,0.5,0.5,0.5,0.6,1.0,0.5,34.500005,40,13,46.000002,69.00001,21.433334,1,1,1001,0,ilp_v1,optimal,1,20.264199,34.479365,0.58772,3.9136,0.0,,22.855048,2.590849,1,35.704183,32.133765,0.0,0,0.9,0.0102
rho\set01\rho_0.5.py,rho,1,rho,0.5,2,5,5,0.5,0.5,0.5,0.6,1.0,0.5,34.500005,40,13,46.000002,69.00001,21.433334,1,1,1001,0,ilp_v2,optimal,1,17.527291,34.499814,0.50804,0.3846,7e-05,,21.113629,3.586338,1,36.278557,32.650701,0.0,0,0.9,0.03
rho\set01\rho_0.5.py,rho,1,rho,0.5,2,5,5,0.5,0.5,0.5,0.6,1.0,0.5,34.500005,40,13,46.000002,69.00001,21.433334,1,1,1001,0,ilp_v3,optimal,1,17.527291,34.499814,0.50804,0.3294,7e-05,,21.113629,3.586338,1,36.278557,32.650701,0.0,0,0.9,0.0322
rho\set01\rho_0.5.py,rho,1,rho,0.5,2,5,5,0.5,0.5,0.5,0.6,1.0,0.5,34.500005,40,13,46.000002,69.00001,21.433334,1,1,1001,0,ilp_v4,optimal,1,19.449819,34.322823,0.566673,1.1545,0.0,,22.855048,3.405229,1,35.704183,32.133765,0.0,0,0.9,0.0116
rho\set02\rho_0.5.py,rho,2,rho,0.5,2,5,5,0.5,0.5,0.5,0.6,1.0,0.5,34.500001,40,11,46.000001,69.000001,21.400001,1,1,1002,0,ilp_v1,optimal,1,48.993359,34.486687,1.420646,3.7818,0.0,,49.625949,0.63259,1,34.921987,31.429788,0.0,0,0.9,0.043
rho\set02\rho_0.5.py,rho,2,rho,0.5,2,5,5,0.5,0.5,0.5,0.6,1.0,0.5,34.500001,40,11,46.000001,69.000001,21.400001,1,1,1002,0,ilp_v2,optimal,1,47.305903,34.414913,1.374576,0.1031,0.0,,47.305903,0.0,1,34.414913,30.973421,0.0,0,0.9,0.0059
rho\set02\rho_0.5.py,rho,2,rho,0.5,2,5,5,0.5,0.5,0.5,0.6,1.0,0.5,34.500001,40,11,46.000001,69.000001,21.400001,1,1,1002,0,ilp_v3,optimal,1,32.914159,33.769449,0.974673,0.2429,0.0,,36.98334,4.069181,1,34.416546,30.974892,0.0,0,0.9,0.0102
rho\set02\rho_0.5.py,rho,2,rho,0.5,2,5,5,0.5,0.5,0.5,0.6,1.0,0.5,34.500001,40,11,46.000001,69.000001,21.400001,1,1,1002,0,ilp_v4,optimal,1,47.305903,34.414913,1.374576,0.5483,0.0,,47.305903,0.0,1,34.414913,30.973421,0.0,0,0.9,0.01
rho\set03\rho_0.5.py,rho,3,rho,0.5,2,5,5,0.5,0.5,0.5,0.6,1.0,0.5,34.499999,40,10,46.0,68.999999,21.433333,1,1,1003,0,ilp_v1,optimal,1,45.259313,34.490471,1.312227,21.6815,0.0,,47.54462,2.285306,1,35.779401,32.201461,0.0,0,0.9,0.0365
rho\set03\rho_0.5.py,rho,3,rho,0.5,2,5,5,0.5,0.5,0.5,0.6,1.0,0.5,34.499999,40,10,46.0,68.999999,21.433333,1,1,1003,0,ilp_v2,optimal,1,45.118351,34.492634,1.308058,1.438,0.0,,47.177941,2.05959,1,35.614798,32.053318,0.0,0,0.9,0.0442
rho\set03\rho_0.5.py,rho,3,rho,0.5,2,5,5,0.5,0.5,0.5,0.6,1.0,0.5,34.499999,40,10,46.0,68.999999,21.433333,1,1,1003,0,ilp_v3,optimal,1,44.249717,34.467412,1.283813,0.2501,0.0,,46.880422,2.630705,1,35.429651,31.886686,0.0,0,0.9,0.0459
rho\set03\rho_0.5.py,rho,3,rho,0.5,2,5,5,0.5,0.5,0.5,0.6,1.0,0.5,34.499999,40,10,46.0,68.999999,21.433333,1,1,1003,0,ilp_v4,optimal,1,43.404137,34.497648,1.258177,0.7176,0.0,,46.909337,3.5052,1,37.281915,33.553724,0.0,0,0.9,0.06
rho\set04\rho_0.5.py,rho,4,rho,0.5,2,5,5,0.5,0.5,0.5,0.6,1.0,0.5,34.5,40,13,46.000002,69.0,22.042858,1,1,1004,0,ilp_v1,optimal,1,45.151277,34.449371,1.310656,9.5913,0.0,,47.771415,2.620138,1,36.580334,32.922301,0.0,0,0.9,0.6062
rho\set04\rho_0.5.py,rho,4,rho,0.5,2,5,5,0.5,0.5,0.5,0.6,1.0,0.5,34.5,40,13,46.000002,69.0,22.042858,1,1,1004,0,ilp_v2,optimal,1,36.207905,34.473602,1.050308,0.2517,0.0,,39.630984,3.423079,1,36.359812,32.723831,0.0,0,0.9,0.1156
rho\set04\rho_0.5.py,rho,4,rho,0.5,2,5,5,0.5,0.5,0.5,0.6,1.0,0.5,34.5,40,13,46.000002,69.0,22.042858,1,1,1004,0,ilp_v3,optimal,1,41.057687,34.495851,1.190221,0.3422,0.0,,46.118533,5.060846,1,36.213214,32.591893,0.0,0,0.9,0.2737
rho\set04\rho_0.5.py,rho,4,rho,0.5,2,5,5,0.5,0.5,0.5,0.6,1.0,0.5,34.5,40,13,46.000002,69.0,22.042858,1,1,1004,0,ilp_v4,optimal,1,37.19409,34.451609,1.079604,0.9701,0.0,,38.829208,1.635118,1,35.609476,32.048528,0.0,0,0.9,0.0472
rho\set00\rho_0.5.py,rho,0,rho,0.5,2,5,5,0.5,0.5,0.5,0.6,1.0,0.5,34.500002,40,13,46.000002,69.000005,22.042858,1,1,1000,0,greedy_sps_baseline,infeasible,0,,46.000002,,0.001,,over budget: E=46.0000 > B=34.5000,,,,,,,,,
rho\set01\rho_0.5.py,rho,1,rho,0.5,2,5,5,0.5,0.5,0.5,0.6,1.0,0.5,34.500005,40,13,46.000002,69.00001,21.433334,1,1,1001,0,greedy_sps_baseline,infeasible,0,,46.000002,,0.0008,,over budget: E=46.0000 > B=34.5000,,,,,,,,,
rho\set02\rho_0.5.py,rho,2,rho,0.5,2,5,5,0.5,0.5,0.5,0.6,1.0,0.5,34.500001,40,11,46.000001,69.000001,21.400001,1,1,1002,0,greedy_sps_baseline,infeasible,0,,46.000001,,0.0003,,over budget: E=46.0000 > B=34.5000,,,,,,,,,
rho\set03\rho_0.5.py,rho,3,rho,0.5,2,5,5,0.5,0.5,0.5,0.6,1.0,0.5,34.499999,40,10,46.0,68.999999,21.433333,1,1,1003,0,greedy_sps_baseline,infeasible,0,,46.0,,0.0007,,over budget: E=46.0000 > B=34.5000,,,,,,,,,
rho\set04\rho_0.5.py,rho,4,rho,0.5,2,5,5,0.5,0.5,0.5,0.6,1.0,0.5,34.5,40,13,46.000002,69.0,22.042858,1,1,1004,0,greedy_sps_baseline,infeasible,0,,46.000002,,0.0004,,over budget: E=46.0000 > B=34.5000,,,,,,,,,
rho\set00\rho_0.5.py,rho,0,rho,0.5,2,5,5,0.5,0.5,0.5,0.6,1.0,0.5,34.500002,40,13,46.000002,69.000005,22.042858,1,1,1000,0,heuristic_v3,solved,1,36.588608,34.405956,1.063438,0.0073,,,40.549548,3.96094,1,36.620993,32.958894,0.0,0,0.9,0.01
rho\set01\rho_0.5.py,rho,1,rho,0.5,2,5,5,0.5,0.5,0.5,0.6,1.0,0.5,34.500005,40,13,46.000002,69.00001,21.433334,1,1,1001,0,heuristic_v3,solved,1,13.36526,34.407216,0.388444,0.0043,,,15.641886,2.276626,1,35.982428,32.384185,1.406927,1,0.9,0.0083
rho\set02\rho_0.5.py,rho,2,rho,0.5,2,5,5,0.5,0.5,0.5,0.6,1.0,0.5,34.500001,40,11,46.000001,69.000001,21.400001,1,1,1002,0,heuristic_v3,solved,1,40.385917,33.637406,1.200625,0.0013,,,49.716309,9.330392,1,35.382018,31.843816,0.0,0,0.9,0.002
rho\set03\rho_0.5.py,rho,3,rho,0.5,2,5,5,0.5,0.5,0.5,0.6,1.0,0.5,34.499999,40,10,46.0,68.999999,21.433333,1,1,1003,0,heuristic_v3,solved,1,38.658618,34.376419,1.124568,0.003,,,40.327396,1.668778,1,35.138515,31.624664,0.0,0,0.9,0.0092
rho\set04\rho_0.5.py,rho,4,rho,0.5,2,5,5,0.5,0.5,0.5,0.6,1.0,0.5,34.5,40,13,46.000002,69.0,22.042858,1,1,1004,0,heuristic_v3,solved,1,29.775773,34.49241,0.863256,0.0033,,,31.941046,2.165274,1,35.594991,32.035492,0.0,0,0.9,0.0208
rho\set00\rho_0.5.py,rho,0,rho,0.5,2,5,5,0.5,0.5,0.5,0.6,1.0,0.5,34.500002,40,13,46.000002,69.000005,22.042858,1,1,1000,0,heuristic_v4,solved,1,36.588608,34.405956,1.063438,0.0049,,,40.549548,3.96094,1,36.620993,32.958894,0.0,0,0.9,0.0088
rho\set01\rho_0.5.py,rho,1,rho,0.5,2,5,5,0.5,0.5,0.5,0.6,1.0,0.5,34.500005,40,13,46.000002,69.00001,21.433334,1,1,1001,0,heuristic_v4,solved,1,16.268589,34.149675,0.476391,0.007,,,20.209026,3.940436,1,36.397612,32.75785,0.0,0,0.9,0.0071
rho\set02\rho_0.5.py,rho,2,rho,0.5,2,5,5,0.5,0.5,0.5,0.6,1.0,0.5,34.500001,40,11,46.000001,69.000001,21.400001,1,1,1002,0,heuristic_v4,solved,1,45.77997,34.34481,1.332952,0.0028,,,52.256554,6.476584,1,35.374742,31.837268,0.0,0,0.9,0.0023
rho\set03\rho_0.5.py,rho,3,rho,0.5,2,5,5,0.5,0.5,0.5,0.6,1.0,0.5,34.499999,40,10,46.0,68.999999,21.433333,1,1,1003,0,heuristic_v4,solved,1,39.004954,34.48448,1.131087,0.0043,,,47.007915,8.002961,1,36.614889,32.9534,0.0,0,0.9,0.0048
rho\set04\rho_0.5.py,rho,4,rho,0.5,2,5,5,0.5,0.5,0.5,0.6,1.0,0.5,34.5,40,13,46.000002,69.0,22.042858,1,1,1004,0,heuristic_v4,solved,1,29.775773,34.49241,0.863256,0.0029,,,31.941046,2.165274,1,35.594991,32.035492,0.0,0,0.9,0.023
rho\set00\rho_0.5.py,rho,0,rho,0.5,2,5,5,0.5,0.5,0.5,0.6,1.0,0.5,34.500002,40,13,46.000002,69.000005,22.042858,1,1,1000,0,heuristic_v5a,solved,1,36.588608,34.405956,1.063438,0.005,,,40.549548,3.96094,1,36.620993,32.958894,0.0,0,0.9,0.0085
rho\set01\rho_0.5.py,rho,1,rho,0.5,2,5,5,0.5,0.5,0.5,0.6,1.0,0.5,34.500005,40,13,46.000002,69.00001,21.433334,1,1,1001,0,heuristic_v5a,solved,1,17.565024,34.103934,0.515044,0.0043,,,20.211047,2.646023,1,35.740098,32.166088,0.0,0,0.9,0.0044
rho\set02\rho_0.5.py,rho,2,rho,0.5,2,5,5,0.5,0.5,0.5,0.6,1.0,0.5,34.500001,40,11,46.000001,69.000001,21.400001,1,1,1002,0,heuristic_v5a,solved,1,22.656801,34.469469,0.657301,0.0021,,,26.725983,4.069181,1,35.116566,31.60491,0.0,0,0.9,0.0042
rho\set03\rho_0.5.py,rho,3,rho,0.5,2,5,5,0.5,0.5,0.5,0.6,1.0,0.5,34.499999,40,10,46.0,68.999999,21.433333,1,1,1003,0,heuristic_v5a,solved,1,38.757014,34.46046,1.124681,0.0026,,,40.389097,1.632083,1,35.164039,31.647635,0.0,0,0.9,0.0066
rho\set04\rho_0.5.py,rho,4,rho,0.5,2,5,5,0.5,0.5,0.5,0.6,1.0,0.5,34.5,40,13,46.000002,69.0,22.042858,1,1,1004,0,heuristic_v5a,solved,1,26.007232,34.479341,0.754285,0.0067,,,28.793095,2.785862,1,35.689198,32.120278,0.0,0,0.9,0.0066
rho\set00\rho_0.5.py,rho,0,rho,0.5,2,5,5,0.5,0.5,0.5,0.6,1.0,0.5,34.500002,40,13,46.000002,69.000005,22.042858,1,1,1000,0,heuristic_v5b,solved,1,36.588608,34.405956,1.063438,0.0066,,,40.549548,3.96094,1,36.620993,32.958894,0.0,0,0.9,0.0111
rho\set01\rho_0.5.py,rho,1,rho,0.5,2,5,5,0.5,0.5,0.5,0.6,1.0,0.5,34.500005,40,13,46.000002,69.00001,21.433334,1,1,1001,0,heuristic_v5b,solved,1,17.565024,34.103934,0.515044,0.0049,,,20.211047,2.646023,1,35.740098,32.166088,0.0,0,0.9,0.0064
rho\set02\rho_0.5.py,rho,2,rho,0.5,2,5,5,0.5,0.5,0.5,0.6,1.0,0.5,34.500001,40,11,46.000001,69.000001,21.400001,1,1,1002,0,heuristic_v5b,solved,1,22.656801,34.469469,0.657301,0.0032,,,26.725983,4.069181,1,35.116566,31.60491,0.0,0,0.9,0.0037
rho\set03\rho_0.5.py,rho,3,rho,0.5,2,5,5,0.5,0.5,0.5,0.6,1.0,0.5,34.499999,40,10,46.0,68.999999,21.433333,1,1,1003,0,heuristic_v5b,solved,1,38.757014,34.46046,1.124681,0.0021,,,40.389097,1.632083,1,35.164039,31.647635,0.0,0,0.9,0.0109
rho\set04\rho_0.5.py,rho,4,rho,0.5,2,5,5,0.5,0.5,0.5,0.6,1.0,0.5,34.5,40,13,46.000002,69.0,22.042858,1,1,1004,0,heuristic_v5b,solved,1,26.007232,34.479341,0.754285,0.0051,,,28.793095,2.785862,1,35.689198,32.120278,0.0,0,0.9,0.0077
rho\set00\rho_0.5.py,rho,0,rho,0.5,2,5,5,0.5,0.5,0.5,0.6,1.0,0.5,34.500002,40,13,46.000002,69.000005,22.042858,1,1,1000,0,heuristic_v6,solved,1,38.787359,34.247017,1.132576,0.1466,,,44.891403,6.104044,1,36.958168,33.262351,0.0,0,0.9,0.0096
rho\set01\rho_0.5.py,rho,1,rho,0.5,2,5,5,0.5,0.5,0.5,0.6,1.0,0.5,34.500005,40,13,46.000002,69.00001,21.433334,1,1,1001,0,heuristic_v6,solved,1,18.467607,34.136383,0.540995,0.1535,,,21.985349,3.517743,1,36.3214,32.68926,0.0,0,0.9,0.0029
rho\set02\rho_0.5.py,rho,2,rho,0.5,2,5,5,0.5,0.5,0.5,0.6,1.0,0.5,34.500001,40,11,46.000001,69.000001,21.400001,1,1,1002,0,heuristic_v6,solved,1,45.77997,34.34481,1.332952,0.0284,,,52.256554,6.476584,1,35.374742,31.837268,0.0,0,0.9,0.003
rho\set03\rho_0.5.py,rho,3,rho,0.5,2,5,5,0.5,0.5,0.5,0.6,1.0,0.5,34.499999,40,10,46.0,68.999999,21.433333,1,1,1003,0,heuristic_v6,solved,1,41.185626,34.476823,1.194589,0.1029,,,50.154901,8.969275,1,36.809073,33.128166,0.0,0,0.9,0.0093
rho\set04\rho_0.5.py,rho,4,rho,0.5,2,5,5,0.5,0.5,0.5,0.6,1.0,0.5,34.5,40,13,46.000002,69.0,22.042858,1,1,1004,0,heuristic_v6,solved,1,32.236457,34.490436,0.934649,0.1632,,,36.592391,4.355933,1,36.363425,32.727082,0.935225,1,0.9,0.01
rho\set00\rho_0.5.py,rho,0,rho,0.5,2,5,5,0.5,0.5,0.5,0.6,1.0,0.5,34.500002,40,13,46.000002,69.000005,22.042858,1,1,1000,0,heuristic_v7,solved,1,38.658643,33.777725,1.144501,0.0813,,,43.740503,5.08186,1,36.684307,33.015876,0.0,0,0.9,0.0077
rho\set01\rho_0.5.py,rho,1,rho,0.5,2,5,5,0.5,0.5,0.5,0.6,1.0,0.5,34.500005,40,13,46.000002,69.00001,21.433334,1,1,1001,0,heuristic_v7,solved,1,17.920091,34.470727,0.519864,0.0592,,,20.990828,3.070738,1,36.171084,32.553976,0.0,0,0.9,0.01
rho\set02\rho_0.5.py,rho,2,rho,0.5,2,5,5,0.5,0.5,0.5,0.6,1.0,0.5,34.500001,40,11,46.000001,69.000001,21.400001,1,1,1002,0,heuristic_v7,solved,1,45.77997,34.34481,1.332952,0.04,,,52.256554,6.476584,1,35.374742,31.837268,0.0,0,0.9,0.0024
rho\set03\rho_0.5.py,rho,3,rho,0.5,2,5,5,0.5,0.5,0.5,0.6,1.0,0.5,34.499999,40,10,46.0,68.999999,21.433333,1,1,1003,0,heuristic_v7,solved,1,39.004954,34.48448,1.131087,0.0343,,,47.007915,8.002961,1,36.614889,32.9534,0.0,0,0.9,0.0033
rho\set04\rho_0.5.py,rho,4,rho,0.5,2,5,5,0.5,0.5,0.5,0.6,1.0,0.5,34.5,40,13,46.000002,69.0,22.042858,1,1,1004,0,heuristic_v7,solved,1,32.065192,34.453788,0.930672,0.0838,,,33.135644,1.070452,1,35.508424,31.957582,0.0,0,0.9,0.01
rho\set00\rho_0.5.py,rho,0,rho,0.5,2,5,5,0.5,0.5,0.5,0.6,1.0,0.5,34.500002,40,13,46.000002,69.000005,22.042858,1,1,1000,0,heuristic_claudeoptimal,solved,1,37.335986,34.398103,1.085408,0.0269,,,41.570247,4.234261,1,36.672745,33.00547,0.0,0,0.9,0.0133
rho\set01\rho_0.5.py,rho,1,rho,0.5,2,5,5,0.5,0.5,0.5,0.6,1.0,0.5,34.500005,40,13,46.000002,69.00001,21.433334,1,1,1001,0,heuristic_claudeoptimal,solved,1,16.268589,34.149675,0.476391,0.0239,,,20.209026,3.940436,1,36.397612,32.75785,0.0,0,0.9,0.0064
rho\set02\rho_0.5.py,rho,2,rho,0.5,2,5,5,0.5,0.5,0.5,0.6,1.0,0.5,34.500001,40,11,46.000001,69.000001,21.400001,1,1,1002,0,heuristic_claudeoptimal,solved,1,45.77997,34.34481,1.332952,0.0075,,,52.256554,6.476584,1,35.374742,31.837268,0.0,0,0.9,0.0055
rho\set03\rho_0.5.py,rho,3,rho,0.5,2,5,5,0.5,0.5,0.5,0.6,1.0,0.5,34.499999,40,10,46.0,68.999999,21.433333,1,1,1003,0,heuristic_claudeoptimal,solved,1,39.004954,34.48448,1.131087,0.0141,,,47.007915,8.002961,1,36.614889,32.9534,0.0,0,0.9,0.0054
rho\set04\rho_0.5.py,rho,4,rho,0.5,2,5,5,0.5,0.5,0.5,0.6,1.0,0.5,34.5,40,13,46.000002,69.0,22.042858,1,1,1004,0,heuristic_claudeoptimal,solved,1,32.25987,34.499352,0.935086,0.043,,,34.960967,2.701097,1,36.09084,32.481756,0.0,0,0.9,0.0261
