file,sweep,set,factor,value,n_prc,n_tsk,n_frq,u_mand_factor,u_opt_factor,rho,xi,U_M,U_O,B,H,J,e_mand_fmax,e_full_fmax,e_mand_min,feasible,donate_ok,seed,redraws,model,status,model_feasible,utility,energy,util_per_energy,runtime,gap,error
u_mand_factor\set00\u_mand_factor_0.2.py,u_mand_factor,0,u_mand_factor,0.2,2,5,5,0.2,0.5,0.7,0.6,0.4,0.8,38.639998,40,13,18.400001,55.199997,8.817143,1,0,1000,0,ilp_v1,optimal,1,99.104794,38.261935,2.590167,0.0118,0.0,
u_mand_factor\set00\u_mand_factor_0.2.py,u_mand_factor,0,u_mand_factor,0.2,2,5,5,0.2,0.5,0.7,0.6,0.4,0.8,38.639998,40,13,18.400001,55.199997,8.817143,1,0,1000,0,ilp_v2,optimal,1,99.104794,38.358869,2.583621,0.0054,0.0,
u_mand_factor\set00\u_mand_factor_0.2.py,u_mand_factor,0,u_mand_factor,0.2,2,5,5,0.2,0.5,0.7,0.6,0.4,0.8,38.639998,40,13,18.400001,55.199997,8.817143,1,0,1000,0,heuristic_v5b,solved,1,71.8919,37.824582,1.900666,0.0018,,
u_mand_factor\set00\u_mand_factor_0.3.py,u_mand_factor,0,u_mand_factor,0.3,2,5,5,0.3,0.5,0.7,0.6,0.6,0.7,41.860001,40,13,27.600001,59.800001,13.225715,1,1,1000,0,ilp_v1,optimal,1,87.075694,40.743433,2.137171,0.0161,0.0,
u_mand_factor\set00\u_mand_factor_0.3.py,u_mand_factor,0,u_mand_factor,0.3,2,5,5,0.3,0.5,0.7,0.6,0.6,0.7,41.860001,40,13,27.600001,59.800001,13.225715,1,1,1000,0,ilp_v2,optimal,1,87.075694,41.555452,2.09541,0.0057,0.0,
u_mand_factor\set00\u_mand_factor_0.3.py,u_mand_factor,0,u_mand_factor,0.3,2,5,5,0.3,0.5,0.7,0.6,0.6,0.7,41.860001,40,13,27.600001,59.800001,13.225715,1,1,1000,0,heuristic_v5b,solved,1,64.449027,41.348252,1.558688,0.0016,,
u_mand_factor\set00\u_mand_factor_0.4.py,u_mand_factor,0,u_mand_factor,0.4,2,5,5,0.4,0.5,0.7,0.6,0.8,0.6,45.079998,40,13,36.800002,64.399997,17.634287,1,1,1000,0,ilp_v1,optimal,1,76.175775,44.806739,1.700096,0.0189,0.0,
u_mand_factor\set00\u_mand_factor_0.4.py,u_mand_factor,0,u_mand_factor,0.4,2,5,5,0.4,0.5,0.7,0.6,0.8,0.6,45.079998,40,13,36.800002,64.399997,17.634287,1,1,1000,0,ilp_v2,optimal,1,76.175775,44.86937,1.697723,0.0066,0.0,
u_mand_factor\set00\u_mand_factor_0.4.py,u_mand_factor,0,u_mand_factor,0.4,2,5,5,0.4,0.5,0.7,0.6,0.8,0.6,45.079998,40,13,36.800002,64.399997,17.634287,1,1,1000,0,heuristic_v5b,solved,1,39.518557,44.913544,0.879881,0.0014,,
u_mand_factor\set00\u_mand_factor_0.5.py,u_mand_factor,0,u_mand_factor,0.5,2,5,5,0.5,0.5,0.7,0.6,1.0,0.5,48.300003,40,13,46.000002,69.000005,22.042858,1,1,1000,0,ilp_v1,optimal,1,65.122801,48.16382,1.35211,0.0458,0.0,
u_mand_factor\set00\u_mand_factor_0.5.py,u_mand_factor,0,u_mand_factor,0.5,2,5,5,0.5,0.5,0.7,0.6,1.0,0.5,48.300003,40,13,46.000002,69.000005,22.042858,1,1,1000,0,ilp_v2,optimal,1,62.974396,48.086042,1.309619,0.0273,0.0,
u_mand_factor\set00\u_mand_factor_0.5.py,u_mand_factor,0,u_mand_factor,0.5,2,5,5,0.5,0.5,0.7,0.6,1.0,0.5,48.300003,40,13,46.000002,69.000005,22.042858,1,1,1000,0,heuristic_v5b,solved,1,24.195256,48.198567,0.501991,0.002,,
u_mand_factor\set00\u_mand_factor_0.6.py,u_mand_factor,0,u_mand_factor,0.6,2,5,5,0.6,0.5,0.7,0.6,1.2,0.4,51.520001,40,13,55.200003,73.600001,26.45143,1,1,1000,0,ilp_v1,optimal,1,50.563434,51.515049,0.981527,0.2188,0.0,
u_mand_factor\set00\u_mand_factor_0.6.py,u_mand_factor,0,u_mand_factor,0.6,2,5,5,0.6,0.5,0.7,0.6,1.2,0.4,51.520001,40,13,55.200003,73.600001,26.45143,1,1,1000,0,ilp_v2,optimal,1,50.286811,51.483813,0.97675,0.0342,0.0,
u_mand_factor\set00\u_mand_factor_0.6.py,u_mand_factor,0,u_mand_factor,0.6,2,5,5,0.6,0.5,0.7,0.6,1.2,0.4,51.520001,40,13,55.200003,73.600001,26.45143,1,1,1000,0,heuristic_v5b,solved,1,22.285938,51.274877,0.434637,0.0027,,
u_mand_factor\set00\u_mand_factor_0.7.py,u_mand_factor,0,u_mand_factor,0.7,2,5,5,0.7,0.5,0.7,0.6,1.4,0.3,54.74,40,13,64.399999,78.2,30.859999,1,1,1000,0,ilp_v1,optimal,1,36.83347,54.156045,0.680136,0.1602,0.0,
u_mand_factor\set00\u_mand_factor_0.7.py,u_mand_factor,0,u_mand_factor,0.7,2,5,5,0.7,0.5,0.7,0.6,1.4,0.3,54.74,40,13,64.399999,78.2,30.859999,1,1,1000,0,ilp_v2,optimal,1,35.824266,54.613955,0.655954,0.033,0.0,
u_mand_factor\set00\u_mand_factor_0.7.py,u_mand_factor,0,u_mand_factor,0.7,2,5,5,0.7,0.5,0.7,0.6,1.4,0.3,54.74,40,13,64.399999,78.2,30.859999,1,1,1000,0,heuristic_v5b,solved,1,28.847313,54.707687,0.527299,0.0036,,
u_mand_factor\set01\u_mand_factor_0.2.py,u_mand_factor,1,u_mand_factor,0.2,2,5,5,0.2,0.5,0.7,0.6,0.4,0.8,38.639998,40,13,18.400001,55.199998,8.573334,1,0,1001,0,ilp_v1,optimal,1,104.781377,38.401185,2.728598,0.0147,0.0,
u_mand_factor\set01\u_mand_factor_0.2.py,u_mand_factor,1,u_mand_factor,0.2,2,5,5,0.2,0.5,0.7,0.6,0.4,0.8,38.639998,40,13,18.400001,55.199998,8.573334,1,0,1001,0,ilp_v2,optimal,1,104.781377,38.516083,2.720458,0.0053,0.0,
u_mand_factor\set01\u_mand_factor_0.2.py,u_mand_factor,1,u_mand_factor,0.2,2,5,5,0.2,0.5,0.7,0.6,0.4,0.8,38.639998,40,13,18.400001,55.199998,8.573334,1,0,1001,0,heuristic_v5b,solved,1,70.218954,38.383783,1.829391,0.0026,,
u_mand_factor\set01\u_mand_factor_0.3.py,u_mand_factor,1,u_mand_factor,0.3,2,5,5,0.3,0.5,0.7,0.6,0.6,0.7,41.860002,40,13,27.6,59.800002,12.86,1,1,1001,0,ilp_v1,optimal,1,94.860475,41.765352,2.271272,0.1509,0.0,
u_mand_factor\set01\u_mand_factor_0.3.py,u_mand_factor,1,u_mand_factor,0.3,2,5,5,0.3,0.5,0.7,0.6,0.6,0.7,41.860002,40,13,27.6,59.800002,12.86,1,1,1001,0,ilp_v2,optimal,1,94.566744,41.807887,2.261935,0.0173,0.0,
u_mand_factor\set01\u_mand_factor_0.3.py,u_mand_factor,1,u_mand_factor,0.3,2,5,5,0.3,0.5,0.7,0.6,0.6,0.7,41.860002,40,13,27.6,59.800002,12.86,1,1,1001,0,heuristic_v5b,solved,1,47.143093,41.849921,1.12648,0.0027,,
u_mand_factor\set01\u_mand_factor_0.4.py,u_mand_factor,1,u_mand_factor,0.4,2,5,5,0.4,0.5,0.7,0.6,0.8,0.6,45.08,40,13,36.800001,64.4,17.146667,1,1,1001,0,ilp_v1,optimal,1,77.363082,45.0546,1.717096,1.4638,0.0,
u_mand_factor\set01\u_mand_factor_0.4.py,u_mand_factor,1,u_mand_factor,0.4,2,5,5,0.4,0.5,0.7,0.6,0.8,0.6,45.08,40,13,36.800001,64.4,17.146667,1,1,1001,0,ilp_v2,optimal,1,76.488092,45.07993,1.696722,0.0418,0.0,
u_mand_factor\set01\u_mand_factor_0.4.py,u_mand_factor,1,u_mand_factor,0.4,2,5,5,0.4,0.5,0.7,0.6,0.8,0.6,45.08,40,13,36.800001,64.4,17.146667,1,1,1001,0,heuristic_v5b,solved,1,36.009873,45.075335,0.798882,0.0035,,
u_mand_factor\set01\u_mand_factor_0.5.py,u_mand_factor,1,u_mand_factor,0.5,2,5,5,0.5,0.5,0.7,0.6,1.0,0.5,48.300002,40,13,46.000002,69.000003,21.433334,1,1,1001,0,ilp_v1,optimal,1,59.855897,48.295126,1.239378,1.4134,8.2e-05,
u_mand_factor\set01\u_mand_factor_0.5.py,u_mand_factor,1,u_mand_factor,0.5,2,5,5,0.5,0.5,0.7,0.6,1.0,0.5,48.300002,40,13,46.000002,69.000003,21.433334,1,1,1001,0,ilp_v2,optimal,1,59.554483,48.185911,1.235931,0.0213,0.0,
u_mand_factor\set01\u_mand_factor_0.5.py,u_mand_factor,1,u_mand_factor,0.5,2,5,5,0.5,0.5,0.7,0.6,1.0,0.5,48.300002,40,13,46.000002,69.000003,21.433334,1,1,1001,0,heuristic_v5b,solved,1,10.798163,48.06532,0.224656,0.0026,,
u_mand_factor\set01\u_mand_factor_0.6.py,u_mand_factor,1,u_mand_factor,0.6,2,5,5,0.6,0.5,0.7,0.6,1.2,0.4,51.520001,40,13,55.200003,73.600001,25.720002,1,1,1001,0,ilp_v1,optimal,1,45.483556,51.499922,0.883177,1.1458,0.0,
u_mand_factor\set01\u_mand_factor_0.6.py,u_mand_factor,1,u_mand_factor,0.6,2,5,5,0.6,0.5,0.7,0.6,1.2,0.4,51.520001,40,13,55.200003,73.600001,25.720002,1,1,1001,0,ilp_v2,optimal,1,30.966647,51.452551,0.601849,0.0171,0.0,
u_mand_factor\set01\u_mand_factor_0.6.py,u_mand_factor,1,u_mand_factor,0.6,2,5,5,0.6,0.5,0.7,0.6,1.2,0.4,51.520001,40,13,55.200003,73.600001,25.720002,1,1,1001,0,heuristic_v5b,solved,1,13.643473,50.933236,0.26787,0.0034,,
u_mand_factor\set01\u_mand_factor_0.7.py,u_mand_factor,1,u_mand_factor,0.7,2,5,5,0.7,0.5,0.7,0.6,1.4,0.3,54.739998,40,13,64.399995,78.199997,30.006665,1,1,1001,0,ilp_v1,optimal,1,20.101093,54.735768,0.367239,1.3273,0.0,
u_mand_factor\set01\u_mand_factor_0.7.py,u_mand_factor,1,u_mand_factor,0.7,2,5,5,0.7,0.5,0.7,0.6,1.4,0.3,54.739998,40,13,64.399995,78.199997,30.006665,1,1,1001,0,ilp_v2,optimal,1,18.174998,54.733818,0.332062,0.0407,0.0,
u_mand_factor\set01\u_mand_factor_0.7.py,u_mand_factor,1,u_mand_factor,0.7,2,5,5,0.7,0.5,0.7,0.6,1.4,0.3,54.739998,40,13,64.399995,78.199997,30.006665,1,1,1001,0,heuristic_v5b,solved,1,9.265805,54.695679,0.169407,0.003,,
u_mand_factor\set02\u_mand_factor_0.2.py,u_mand_factor,2,u_mand_factor,0.2,2,5,5,0.2,0.5,0.7,0.6,0.4,0.8,38.64,40,11,18.4,55.2,8.56,1,0,1002,0,ilp_v1,optimal,1,110.892964,33.294714,3.330648,0.0158,0.0,
u_mand_factor\set02\u_mand_factor_0.2.py,u_mand_factor,2,u_mand_factor,0.2,2,5,5,0.2,0.5,0.7,0.6,0.4,0.8,38.64,40,11,18.4,55.2,8.56,1,0,1002,0,ilp_v2,optimal,1,110.892964,34.824415,3.184345,0.0052,0.0,
u_mand_factor\set02\u_mand_factor_0.2.py,u_mand_factor,2,u_mand_factor,0.2,2,5,5,0.2,0.5,0.7,0.6,0.4,0.8,38.64,40,11,18.4,55.2,8.56,1,0,1002,0,heuristic_v5b,solved,1,71.818277,38.638283,1.858734,0.0013,,
u_mand_factor\set02\u_mand_factor_0.3.py,u_mand_factor,2,u_mand_factor,0.3,2,5,5,0.3,0.5,0.7,0.6,0.6,0.7,41.859997,40,11,27.599997,59.799995,12.839998,1,1,1002,0,ilp_v1,optimal,1,106.450208,38.387933,2.773012,0.0177,0.0,
u_mand_factor\set02\u_mand_factor_0.3.py,u_mand_factor,2,u_mand_factor,0.3,2,5,5,0.3,0.5,0.7,0.6,0.6,0.7,41.859997,40,11,27.599997,59.799995,12.839998,1,1,1002,0,ilp_v2,optimal,1,106.450208,41.137793,2.58765,0.005,0.0,
u_mand_factor\set02\u_mand_factor_0.3.py,u_mand_factor,2,u_mand_factor,0.3,2,5,5,0.3,0.5,0.7,0.6,0.6,0.7,41.859997,40,11,27.599997,59.799995,12.839998,1,1,1002,0,heuristic_v5b,solved,1,56.081979,41.327489,1.357014,0.0011,,
u_mand_factor\set02\u_mand_factor_0.4.py,u_mand_factor,2,u_mand_factor,0.4,2,5,5,0.4,0.5,0.7,0.6,0.8,0.6,45.079996,40,11,36.799999,64.399994,17.119999,1,1,1002,0,ilp_v1,optimal,1,90.699035,44.090518,2.05711,0.0144,0.0,
u_mand_factor\set02\u_mand_factor_0.4.py,u_mand_factor,2,u_mand_factor,0.4,2,5,5,0.4,0.5,0.7,0.6,0.8,0.6,45.079996,40,11,36.799999,64.399994,17.119999,1,1,1002,0,ilp_v2,optimal,1,90.699035,45.00341,2.015381,0.0068,0.0,
u_mand_factor\set02\u_mand_factor_0.4.py,u_mand_factor,2,u_mand_factor,0.4,2,5,5,0.4,0.5,0.7,0.6,0.8,0.6,45.079996,40,11,36.799999,64.399994,17.119999,1,1,1002,0,heuristic_v5b,solved,1,62.955495,44.559658,1.412836,0.0018,,
u_mand_factor\set02\u_mand_factor_0.5.py,u_mand_factor,2,u_mand_factor,0.5,2,5,5,0.5,0.5,0.7,0.6,1.0,0.5,48.299998,40,11,46.000001,68.999997,21.400001,1,1,1002,0,ilp_v1,optimal,1,70.137651,47.772583,1.468157,0.225,0.0,
u_mand_factor\set02\u_mand_factor_0.5.py,u_mand_factor,2,u_mand_factor,0.5,2,5,5,0.5,0.5,0.7,0.6,1.0,0.5,48.299998,40,11,46.000001,68.999997,21.400001,1,1,1002,0,ilp_v2,optimal,1,56.151578,48.231141,1.164218,0.0679,0.0,
u_mand_factor\set02\u_mand_factor_0.5.py,u_mand_factor,2,u_mand_factor,0.5,2,5,5,0.5,0.5,0.7,0.6,1.0,0.5,48.299998,40,11,46.000001,68.999997,21.400001,1,1,1002,0,heuristic_v5b,solved,1,39.710943,48.268319,0.822712,0.0013,,
u_mand_factor\set02\u_mand_factor_0.6.py,u_mand_factor,2,u_mand_factor,0.6,2,5,5,0.6,0.5,0.7,0.6,1.2,0.4,51.520001,40,11,55.199999,73.600001,25.679999,1,1,1002,0,ilp_v1,optimal,1,50.962319,51.516266,0.989247,0.5171,0.0,
u_mand_factor\set02\u_mand_factor_0.6.py,u_mand_factor,2,u_mand_factor,0.6,2,5,5,0.6,0.5,0.7,0.6,1.2,0.4,51.520001,40,11,55.199999,73.600001,25.679999,1,1,1002,0,ilp_v2,optimal,1,38.278656,51.266582,0.746659,0.1342,0.0,
u_mand_factor\set02\u_mand_factor_0.6.py,u_mand_factor,2,u_mand_factor,0.6,2,5,5,0.6,0.5,0.7,0.6,1.2,0.4,51.520001,40,11,55.199999,73.600001,25.679999,1,1,1002,0,heuristic_v5b,solved,1,26.018234,51.509171,0.505118,0.0017,,
u_mand_factor\set02\u_mand_factor_0.7.py,u_mand_factor,2,u_mand_factor,0.7,2,5,5,0.7,0.5,0.7,0.6,1.4,0.3,54.740002,40,11,64.4,78.200002,29.96,1,1,1002,0,ilp_v1,optimal,1,24.735594,54.60694,0.452975,0.2449,0.0,
u_mand_factor\set02\u_mand_factor_0.7.py,u_mand_factor,2,u_mand_factor,0.7,2,5,5,0.7,0.5,0.7,0.6,1.4,0.3,54.740002,40,11,64.4,78.200002,29.96,1,1,1002,0,ilp_v2,optimal,1,19.676348,54.737337,0.359468,0.0891,0.0,
u_mand_factor\set02\u_mand_factor_0.7.py,u_mand_factor,2,u_mand_factor,0.7,2,5,5,0.7,0.5,0.7,0.6,1.4,0.3,54.740002,40,11,64.4,78.200002,29.96,1,1,1002,0,heuristic_v5b,solved,1,5.747058,54.709199,0.105047,0.0015,,
u_mand_factor\set03\u_mand_factor_0.2.py,u_mand_factor,3,u_mand_factor,0.2,2,5,5,0.2,0.5,0.7,0.6,0.4,0.8,38.640002,40,10,18.399999,55.200003,8.573333,1,0,1003,0,ilp_v1,optimal,1,81.156555,33.572741,2.417335,0.0202,0.0,
u_mand_factor\set03\u_mand_factor_0.2.py,u_mand_factor,3,u_mand_factor,0.2,2,5,5,0.2,0.5,0.7,0.6,0.4,0.8,38.640002,40,10,18.399999,55.200003,8.573333,1,0,1003,0,ilp_v2,optimal,1,72.575619,31.155659,2.329452,0.0079,0.0,
u_mand_factor\set03\u_mand_factor_0.2.py,u_mand_factor,3,u_mand_factor,0.2,2,5,5,0.2,0.5,0.7,0.6,0.4,0.8,38.640002,40,10,18.399999,55.200003,8.573333,1,0,1003,0,heuristic_v5b,solved,1,48.774749,36.222744,1.346523,0.0007,,
u_mand_factor\set03\u_mand_factor_0.3.py,u_mand_factor,3,u_mand_factor,0.3,2,5,5,0.3,0.5,0.7,0.6,0.6,0.7,41.860002,40,10,27.6,59.800002,12.86,1,1,1003,0,ilp_v1,optimal,1,68.959165,35.451921,1.945146,0.0217,0.0,
u_mand_factor\set03\u_mand_factor_0.3.py,u_mand_factor,3,u_mand_factor,0.3,2,5,5,0.3,0.5,0.7,0.6,0.6,0.7,41.860002,40,10,27.6,59.800002,12.86,1,1,1003,0,ilp_v2,optimal,1,60.846643,41.791366,1.455962,0.0076,0.0,
u_mand_factor\set03\u_mand_factor_0.3.py,u_mand_factor,3,u_mand_factor,0.3,2,5,5,0.3,0.5,0.7,0.6,0.6,0.7,41.860002,40,10,27.6,59.800002,12.86,1,1,1003,0,heuristic_v5b,solved,1,41.39757,40.75513,1.015763,0.0007,,
u_mand_factor\set03\u_mand_factor_0.4.py,u_mand_factor,3,u_mand_factor,0.4,2,5,5,0.4,0.5,0.7,0.6,0.8,0.6,45.08,40,10,36.799999,64.4,17.146666,1,1,1003,0,ilp_v1,optimal,1,62.561216,44.508285,1.405608,0.0246,0.0,
u_mand_factor\set03\u_mand_factor_0.4.py,u_mand_factor,3,u_mand_factor,0.4,2,5,5,0.4,0.5,0.7,0.6,0.8,0.6,45.08,40,10,36.799999,64.4,17.146666,1,1,1003,0,ilp_v2,optimal,1,57.847793,44.500548,1.299934,0.0061,0.0,
u_mand_factor\set03\u_mand_factor_0.4.py,u_mand_factor,3,u_mand_factor,0.4,2,5,5,0.4,0.5,0.7,0.6,0.8,0.6,45.08,40,10,36.799999,64.4,17.146666,1,1,1003,0,heuristic_v5b,solved,1,47.054852,43.993064,1.069597,0.0006,,
u_mand_factor\set03\u_mand_factor_0.5.py,u_mand_factor,3,u_mand_factor,0.5,2,5,5,0.5,0.5,0.7,0.6,1.0,0.5,48.299999,40,10,46.0,68.999999,21.433333,1,1,1003,0,ilp_v1,optimal,1,58.214077,48.27213,1.205956,0.078,0.0,
u_mand_factor\set03\u_mand_factor_0.5.py,u_mand_factor,3,u_mand_factor,0.5,2,5,5,0.5,0.5,0.7,0.6,1.0,0.5,48.299999,40,10,46.0,68.999999,21.433333,1,1,1003,0,ilp_v2,optimal,1,57.135462,48.277101,1.18349,0.0072,0.0,
u_mand_factor\set03\u_mand_factor_0.5.py,u_mand_factor,3,u_mand_factor,0.5,2,5,5,0.5,0.5,0.7,0.6,1.0,0.5,48.299999,40,10,46.0,68.999999,21.433333,1,1,1003,0,heuristic_v5b,solved,1,45.652531,47.747567,0.956123,0.0011,,
u_mand_factor\set03\u_mand_factor_0.6.py,u_mand_factor,3,u_mand_factor,0.6,2,5,5,0.6,0.5,0.7,0.6,1.2,0.4,51.519998,40,10,55.199998,73.599998,25.719999,1,1,1003,0,ilp_v1,optimal,1,42.818562,51.395331,0.833122,1.7759,0.0,
u_mand_factor\set03\u_mand_factor_0.6.py,u_mand_factor,3,u_mand_factor,0.6,2,5,5,0.6,0.5,0.7,0.6,1.2,0.4,51.519998,40,10,55.199998,73.599998,25.719999,1,1,1003,0,ilp_v2,optimal,1,42.818562,51.460916,0.83206,0.0246,0.0,
u_mand_factor\set03\u_mand_factor_0.6.py,u_mand_factor,3,u_mand_factor,0.6,2,5,5,0.6,0.5,0.7,0.6,1.2,0.4,51.519998,40,10,55.199998,73.599998,25.719999,1,1,1003,0,heuristic_v5b,solved,1,35.564364,49.615035,0.716806,0.0021,,
u_mand_factor\set03\u_mand_factor_0.7.py,u_mand_factor,3,u_mand_factor,0.7,2,5,5,0.7,0.5,0.7,0.6,1.4,0.3,54.739998,40,10,64.399999,78.199998,30.006666,1,1,1003,0,ilp_v1,optimal,1,26.664651,54.57796,0.488561,1.8056,0.0,
u_mand_factor\set03\u_mand_factor_0.7.py,u_mand_factor,3,u_mand_factor,0.7,2,5,5,0.7,0.5,0.7,0.6,1.4,0.3,54.739998,40,10,64.399999,78.199998,30.006666,1,1,1003,0,ilp_v2,optimal,1,26.664651,54.59323,0.488424,0.0362,0.0,
u_mand_factor\set03\u_mand_factor_0.7.py,u_mand_factor,3,u_mand_factor,0.7,2,5,5,0.7,0.5,0.7,0.6,1.4,0.3,54.739998,40,10,64.399999,78.199998,30.006666,1,1,1003,0,heuristic_v5b,solved,1,13.231618,54.714928,0.241828,0.0015,,
u_mand_factor\set04\u_mand_factor_0.2.py,u_mand_factor,4,u_mand_factor,0.2,2,5,5,0.2,0.5,0.7,0.6,0.4,0.8,38.640001,40,13,18.399999,55.200001,8.817142,1,0,1004,0,ilp_v1,optimal,1,108.885945,35.13528,3.099049,0.0107,0.0,
u_mand_factor\set04\u_mand_factor_0.2.py,u_mand_factor,4,u_mand_factor,0.2,2,5,5,0.2,0.5,0.7,0.6,0.4,0.8,38.640001,40,13,18.399999,55.200001,8.817142,1,0,1004,0,ilp_v2,optimal,1,108.885945,37.745988,2.884702,0.0052,0.0,
u_mand_factor\set04\u_mand_factor_0.2.py,u_mand_factor,4,u_mand_factor,0.2,2,5,5,0.2,0.5,0.7,0.6,0.4,0.8,38.640001,40,13,18.399999,55.200001,8.817142,1,0,1004,0,heuristic_v5b,solved,1,67.761504,38.350231,1.766913,0.0022,,
u_mand_factor\set04\u_mand_factor_0.3.py,u_mand_factor,4,u_mand_factor,0.3,2,5,5,0.3,0.5,0.7,0.6,0.6,0.7,41.860002,40,13,27.600003,59.800003,13.225716,1,1,1004,0,ilp_v1,optimal,1,97.052901,41.729084,2.325786,0.0109,0.0,
u_mand_factor\set04\u_mand_factor_0.3.py,u_mand_factor,4,u_mand_factor,0.3,2,5,5,0.3,0.5,0.7,0.6,0.6,0.7,41.860002,40,13,27.600003,59.800003,13.225716,1,1,1004,0,ilp_v2,optimal,1,97.052901,41.43298,2.342407,0.0063,0.0,
u_mand_factor\set04\u_mand_factor_0.3.py,u_mand_factor,4,u_mand_factor,0.3,2,5,5,0.3,0.5,0.7,0.6,0.6,0.7,41.860002,40,13,27.600003,59.800003,13.225716,1,1,1004,0,heuristic_v5b,solved,1,78.668794,41.744221,1.884543,0.0012,,
u_mand_factor\set04\u_mand_factor_0.4.py,u_mand_factor,4,u_mand_factor,0.4,2,5,5,0.4,0.5,0.7,0.6,0.8,0.6,45.080002,40,13,36.800002,64.400003,17.634287,1,1,1004,0,ilp_v1,optimal,1,78.224599,45.011606,1.737876,0.0112,0.0,
u_mand_factor\set04\u_mand_factor_0.4.py,u_mand_factor,4,u_mand_factor,0.4,2,5,5,0.4,0.5,0.7,0.6,0.8,0.6,45.080002,40,13,36.800002,64.400003,17.634287,1,1,1004,0,ilp_v2,optimal,1,78.224599,44.978261,1.739165,0.0068,0.0,
u_mand_factor\set04\u_mand_factor_0.4.py,u_mand_factor,4,u_mand_factor,0.4,2,5,5,0.4,0.5,0.7,0.6,0.8,0.6,45.080002,40,13,36.800002,64.400003,17.634287,1,1,1004,0,heuristic_v5b,solved,1,47.266349,44.619501,1.05932,0.0011,,
u_mand_factor\set04\u_mand_factor_0.5.py,u_mand_factor,4,u_mand_factor,0.5,2,5,5,0.5,0.5,0.7,0.6,1.0,0.5,48.300002,40,13,46.000002,69.000003,22.042858,1,1,1004,0,ilp_v1,optimal,1,65.074149,46.464747,1.400506,0.0408,0.0,
u_mand_factor\set04\u_mand_factor_0.5.py,u_mand_factor,4,u_mand_factor,0.5,2,5,5,0.5,0.5,0.7,0.6,1.0,0.5,48.300002,40,13,46.000002,69.000003,22.042858,1,1,1004,0,ilp_v2,optimal,1,57.039758,48.137189,1.184942,0.0059,0.0,
u_mand_factor\set04\u_mand_factor_0.5.py,u_mand_factor,4,u_mand_factor,0.5,2,5,5,0.5,0.5,0.7,0.6,1.0,0.5,48.300002,40,13,46.000002,69.000003,22.042858,1,1,1004,0,heuristic_v5b,solved,1,13.504784,47.925591,0.281786,0.0013,,
u_mand_factor\set04\u_mand_factor_0.6.py,u_mand_factor,4,u_mand_factor,0.6,2,5,5,0.6,0.5,0.7,0.6,1.2,0.4,51.520002,40,13,55.199999,73.600003,26.451428,1,1,1004,0,ilp_v1,optimal,1,48.84557,51.485238,0.94873,0.3978,0.0,
u_mand_factor\set04\u_mand_factor_0.6.py,u_mand_factor,4,u_mand_factor,0.6,2,5,5,0.6,0.5,0.7,0.6,1.2,0.4,51.520002,40,13,55.199999,73.600003,26.451428,1,1,1004,0,ilp_v2,optimal,1,44.026311,51.475346,0.855289,0.0331,0.0,
u_mand_factor\set04\u_mand_factor_0.6.py,u_mand_factor,4,u_mand_factor,0.6,2,5,5,0.6,0.5,0.7,0.6,1.2,0.4,51.520002,40,13,55.199999,73.600003,26.451428,1,1,1004,0,heuristic_v5b,solved,1,22.628291,51.280738,0.441263,0.0024,,
u_mand_factor\set04\u_mand_factor_0.7.py,u_mand_factor,4,u_mand_factor,0.7,2,5,5,0.7,0.5,0.7,0.6,1.4,0.3,54.740001,40,13,64.400001,78.200001,30.860001,1,1,1004,0,ilp_v1,optimal,1,30.003022,54.591529,0.549591,1.011,0.0,
u_mand_factor\set04\u_mand_factor_0.7.py,u_mand_factor,4,u_mand_factor,0.7,2,5,5,0.7,0.5,0.7,0.6,1.4,0.3,54.740001,40,13,64.400001,78.200001,30.860001,1,1,1004,0,ilp_v2,optimal,1,14.587116,54.727554,0.266541,0.0386,0.0,
u_mand_factor\set04\u_mand_factor_0.7.py,u_mand_factor,4,u_mand_factor,0.7,2,5,5,0.7,0.5,0.7,0.6,1.4,0.3,54.740001,40,13,64.400001,78.200001,30.860001,1,1,1004,0,heuristic_v5b,solved,1,8.102869,54.670997,0.148211,0.0023,,
u_mand_factor\set00\u_mand_factor_0.2.py,u_mand_factor,0,u_mand_factor,0.2,2,5,5,0.2,0.5,0.7,0.6,0.4,0.8,38.639998,40,13,18.400001,55.199997,8.817143,1,0,1000,0,heuristic_claudeoptimal,solved,1,73.653926,38.615453,1.907369,0.0082,,
u_mand_factor\set00\u_mand_factor_0.3.py,u_mand_factor,0,u_mand_factor,0.3,2,5,5,0.3,0.5,0.7,0.6,0.6,0.7,41.860001,40,13,27.600001,59.800001,13.225715,1,1,1000,0,heuristic_claudeoptimal,solved,1,64.449027,41.348252,1.558688,0.0058,,
u_mand_factor\set00\u_mand_factor_0.4.py,u_mand_factor,0,u_mand_factor,0.4,2,5,5,0.4,0.5,0.7,0.6,0.8,0.6,45.079998,40,13,36.800002,64.399997,17.634287,1,1,1000,0,heuristic_claudeoptimal,solved,1,68.735427,44.960617,1.528792,0.0067,,
u_mand_factor\set00\u_mand_factor_0.5.py,u_mand_factor,0,u_mand_factor,0.5,2,5,5,0.5,0.5,0.7,0.6,1.0,0.5,48.300003,40,13,46.000002,69.000005,22.042858,1,1,1000,0,heuristic_claudeoptimal,solved,1,31.253685,48.03927,0.650586,0.0079,,
u_mand_factor\set00\u_mand_factor_0.6.py,u_mand_factor,0,u_mand_factor,0.6,2,5,5,0.6,0.5,0.7,0.6,1.2,0.4,51.520001,40,13,55.200003,73.600001,26.45143,1,1,1000,0,heuristic_claudeoptimal,solved,1,46.342529,51.493091,0.899976,0.0125,,
u_mand_factor\set00\u_mand_factor_0.7.py,u_mand_factor,0,u_mand_factor,0.7,2,5,5,0.7,0.5,0.7,0.6,1.4,0.3,54.74,40,13,64.399999,78.2,30.859999,1,1,1000,0,heuristic_claudeoptimal,solved,1,28.847313,54.707687,0.527299,0.0071,,
u_mand_factor\set01\u_mand_factor_0.2.py,u_mand_factor,1,u_mand_factor,0.2,2,5,5,0.2,0.5,0.7,0.6,0.4,0.8,38.639998,40,13,18.400001,55.199998,8.573334,1,0,1001,0,heuristic_claudeoptimal,solved,1,67.110101,38.518444,1.742285,0.0079,,
u_mand_factor\set01\u_mand_factor_0.3.py,u_mand_factor,1,u_mand_factor,0.3,2,5,5,0.3,0.5,0.7,0.6,0.6,0.7,41.860002,40,13,27.6,59.800002,12.86,1,1,1001,0,heuristic_claudeoptimal,solved,1,47.143093,41.849921,1.12648,0.0082,,
u_mand_factor\set01\u_mand_factor_0.4.py,u_mand_factor,1,u_mand_factor,0.4,2,5,5,0.4,0.5,0.7,0.6,0.8,0.6,45.08,40,13,36.800001,64.4,17.146667,1,1,1001,0,heuristic_claudeoptimal,solved,1,39.690101,44.952603,0.882932,0.0118,,
u_mand_factor\set01\u_mand_factor_0.5.py,u_mand_factor,1,u_mand_factor,0.5,2,5,5,0.5,0.5,0.7,0.6,1.0,0.5,48.300002,40,13,46.000002,69.000003,21.433334,1,1,1001,0,heuristic_claudeoptimal,solved,1,22.629598,48.089915,0.470568,0.0076,,
u_mand_factor\set01\u_mand_factor_0.6.py,u_mand_factor,1,u_mand_factor,0.6,2,5,5,0.6,0.5,0.7,0.6,1.2,0.4,51.520001,40,13,55.200003,73.600001,25.720002,1,1,1001,0,heuristic_claudeoptimal,solved,1,11.683373,51.509645,0.226819,0.0098,,
u_mand_factor\set01\u_mand_factor_0.7.py,u_mand_factor,1,u_mand_factor,0.7,2,5,5,0.7,0.5,0.7,0.6,1.4,0.3,54.739998,40,13,64.399995,78.199997,30.006665,1,1,1001,0,heuristic_claudeoptimal,solved,1,10.525753,54.714273,0.192377,0.0064,,
u_mand_factor\set02\u_mand_factor_0.2.py,u_mand_factor,2,u_mand_factor,0.2,2,5,5,0.2,0.5,0.7,0.6,0.4,0.8,38.64,40,11,18.4,55.2,8.56,1,0,1002,0,heuristic_claudeoptimal,solved,1,71.818277,38.638283,1.858734,0.0041,,
u_mand_factor\set02\u_mand_factor_0.3.py,u_mand_factor,2,u_mand_factor,0.3,2,5,5,0.3,0.5,0.7,0.6,0.6,0.7,41.859997,40,11,27.599997,59.799995,12.839998,1,1,1002,0,heuristic_claudeoptimal,solved,1,60.60357,41.856304,1.447896,0.005,,
u_mand_factor\set02\u_mand_factor_0.4.py,u_mand_factor,2,u_mand_factor,0.4,2,5,5,0.4,0.5,0.7,0.6,0.8,0.6,45.079996,40,11,36.799999,64.399994,17.119999,1,1,1002,0,heuristic_claudeoptimal,solved,1,48.363662,44.961344,1.075672,0.0054,,
u_mand_factor\set02\u_mand_factor_0.5.py,u_mand_factor,2,u_mand_factor,0.5,2,5,5,0.5,0.5,0.7,0.6,1.0,0.5,48.299998,40,11,46.000001,68.999997,21.400001,1,1,1002,0,heuristic_claudeoptimal,solved,1,41.600431,47.82463,0.869854,0.0066,,
u_mand_factor\set02\u_mand_factor_0.6.py,u_mand_factor,2,u_mand_factor,0.6,2,5,5,0.6,0.5,0.7,0.6,1.2,0.4,51.520001,40,11,55.199999,73.600001,25.679999,1,1,1002,0,heuristic_claudeoptimal,solved,1,27.104175,51.252842,0.528833,0.0081,,
u_mand_factor\set02\u_mand_factor_0.7.py,u_mand_factor,2,u_mand_factor,0.7,2,5,5,0.7,0.5,0.7,0.6,1.4,0.3,54.740002,40,11,64.4,78.200002,29.96,1,1,1002,0,heuristic_claudeoptimal,solved,1,9.112692,54.724466,0.16652,0.0147,,
u_mand_factor\set03\u_mand_factor_0.2.py,u_mand_factor,3,u_mand_factor,0.2,2,5,5,0.2,0.5,0.7,0.6,0.4,0.8,38.640002,40,10,18.399999,55.200003,8.573333,1,0,1003,0,heuristic_claudeoptimal,solved,1,48.774749,36.222744,1.346523,0.0018,,
u_mand_factor\set03\u_mand_factor_0.3.py,u_mand_factor,3,u_mand_factor,0.3,2,5,5,0.3,0.5,0.7,0.6,0.6,0.7,41.860002,40,10,27.6,59.800002,12.86,1,1,1003,0,heuristic_claudeoptimal,solved,1,41.39757,40.75513,1.015763,0.0017,,
u_mand_factor\set03\u_mand_factor_0.4.py,u_mand_factor,3,u_mand_factor,0.4,2,5,5,0.4,0.5,0.7,0.6,0.8,0.6,45.08,40,10,36.799999,64.4,17.146666,1,1,1003,0,heuristic_claudeoptimal,solved,1,47.054852,43.993064,1.069597,0.0015,,
u_mand_factor\set03\u_mand_factor_0.5.py,u_mand_factor,3,u_mand_factor,0.5,2,5,5,0.5,0.5,0.7,0.6,1.0,0.5,48.299999,40,10,46.0,68.999999,21.433333,1,1,1003,0,heuristic_claudeoptimal,solved,1,48.519615,48.255111,1.005481,0.0018,,
u_mand_factor\set03\u_mand_factor_0.6.py,u_mand_factor,3,u_mand_factor,0.6,2,5,5,0.6,0.5,0.7,0.6,1.2,0.4,51.519998,40,10,55.199998,73.599998,25.719999,1,1,1003,0,heuristic_claudeoptimal,solved,1,35.564364,49.615035,0.716806,0.0052,,
u_mand_factor\set03\u_mand_factor_0.7.py,u_mand_factor,3,u_mand_factor,0.7,2,5,5,0.7,0.5,0.7,0.6,1.4,0.3,54.739998,40,10,64.399999,78.199998,30.006666,1,1,1003,0,heuristic_claudeoptimal,solved,1,18.246251,54.575485,0.334331,0.0065,,
u_mand_factor\set04\u_mand_factor_0.2.py,u_mand_factor,4,u_mand_factor,0.2,2,5,5,0.2,0.5,0.7,0.6,0.4,0.8,38.640001,40,13,18.399999,55.200001,8.817142,1,0,1004,0,heuristic_claudeoptimal,solved,1,101.9658,37.865559,2.692838,0.0064,,
u_mand_factor\set04\u_mand_factor_0.3.py,u_mand_factor,4,u_mand_factor,0.3,2,5,5,0.3,0.5,0.7,0.6,0.6,0.7,41.860002,40,13,27.600003,59.800003,13.225716,1,1,1004,0,heuristic_claudeoptimal,solved,1,80.525563,41.780682,1.92734,0.0058,,
u_mand_factor\set04\u_mand_factor_0.4.py,u_mand_factor,4,u_mand_factor,0.4,2,5,5,0.4,0.5,0.7,0.6,0.8,0.6,45.080002,40,13,36.800002,64.400003,17.634287,1,1,1004,0,heuristic_claudeoptimal,solved,1,56.814441,43.868,1.295123,0.0039,,
u_mand_factor\set04\u_mand_factor_0.5.py,u_mand_factor,4,u_mand_factor,0.5,2,5,5,0.5,0.5,0.7,0.6,1.0,0.5,48.300002,40,13,46.000002,69.000003,22.042858,1,1,1004,0,heuristic_claudeoptimal,solved,1,36.962807,48.258479,0.765934,0.005,,
u_mand_factor\set04\u_mand_factor_0.6.py,u_mand_factor,4,u_mand_factor,0.6,2,5,5,0.6,0.5,0.7,0.6,1.2,0.4,51.520002,40,13,55.199999,73.600003,26.451428,1,1,1004,0,heuristic_claudeoptimal,solved,1,35.610419,51.511005,0.691317,0.0068,,
u_mand_factor\set04\u_mand_factor_0.7.py,u_mand_factor,4,u_mand_factor,0.7,2,5,5,0.7,0.5,0.7,0.6,1.4,0.3,54.740001,40,13,64.400001,78.200001,30.860001,1,1,1004,0,heuristic_claudeoptimal,solved,1,4.220834,54.709104,0.07715,0.0077,,
