file,sweep,set,factor,value,n_prc,n_tsk,n_frq,u_mand_factor,u_opt_factor,rho,xi,U_M,U_O,B,H,J,e_mand_fmax,e_full_fmax,e_mand_min,feasible,donate_ok,seed,redraws,model,status,model_feasible,utility,energy,util_per_energy,runtime,gap,error,runtime_best,runtime_worst,repeats,censored,nondeterministic
rho\set00\rho_0.2.py,rho,0,rho,0.2,2,5,5,0.5,0.5,0.2,0.6,1.0,0.5,13.800001,40,13,46.000002,69.000005,22.042858,1,1,1000,0,ilp_v2,infeasible,0,,,,0.00364,,,0.00364,0.00432,3,0,0
rho\set00\rho_0.2.py,rho,0,rho,0.2,2,5,5,0.5,0.5,0.2,0.6,1.0,0.5,13.800001,40,13,46.000002,69.000005,22.042858,1,1,1000,0,ilp_v3,infeasible,0,,,,0.003549,,,0.003549,0.003914,3,0,0
rho\set00\rho_0.2.py,rho,0,rho,0.2,2,5,5,0.5,0.5,0.2,0.6,1.0,0.5,13.800001,40,13,46.000002,69.000005,22.042858,1,1,1000,0,ilp_v4,infeasible,0,,,,0.003633,,,0.003633,0.003965,3,0,0
rho\set00\rho_0.2.py,rho,0,rho,0.2,2,5,5,0.5,0.5,0.2,0.6,1.0,0.5,13.800001,40,13,46.000002,69.000005,22.042858,1,1,1000,0,greedy_sps_baseline,infeasible,0,,46.000002,,0.000444,,over budget: E=46.0000 > B=13.8000,0.000444,0.000573,3,0,0
rho\set00\rho_0.3.py,rho,0,rho,0.3,2,5,5,0.5,0.5,0.3,0.6,1.0,0.5,20.700001,40,13,46.000002,69.000005,22.042858,1,1,1000,0,ilp_v2,infeasible,0,,,,0.00621,,,0.00621,0.006674,3,0,0
rho\set00\rho_0.3.py,rho,0,rho,0.3,2,5,5,0.5,0.5,0.3,0.6,1.0,0.5,20.700001,40,13,46.000002,69.000005,22.042858,1,1,1000,0,ilp_v3,infeasible,0,,,,0.004782,,,0.004782,0.006531,3,0,0
rho\set00\rho_0.3.py,rho,0,rho,0.3,2,5,5,0.5,0.5,0.3,0.6,1.0,0.5,20.700001,40,13,46.000002,69.000005,22.042858,1,1,1000,0,ilp_v4,infeasible,0,,,,0.003107,,,0.003107,0.003796,3,0,0
rho\set00\rho_0.3.py,rho,0,rho,0.3,2,5,5,0.5,0.5,0.3,0.6,1.0,0.5,20.700001,40,13,46.000002,69.000005,22.042858,1,1,1000,0,greedy_sps_baseline,infeasible,0,,46.000002,,0.000429,,over budget: E=46.0000 > B=20.7000,0.000429,0.00057,3,0,0
rho\set00\rho_0.4.py,rho,0,rho,0.4,2,5,5,0.5,0.5,0.4,0.6,1.0,0.5,27.600002,40,13,46.000002,69.000005,22.042858,1,1,1000,0,ilp_v2,optimal,1,17.295802,27.515445,0.628585,0.016017,0.0,,0.016017,0.017125,3,0,0
rho\set00\rho_0.4.py,rho,0,rho,0.4,2,5,5,0.5,0.5,0.4,0.6,1.0,0.5,27.600002,40,13,46.000002,69.000005,22.042858,1,1,1000,0,ilp_v3,optimal,1,17.295802,27.515445,0.628585,0.016273,0.0,,0.016273,0.021169,3,0,0
rho\set00\rho_0.4.py,rho,0,rho,0.4,2,5,5,0.5,0.5,0.4,0.6,1.0,0.5,27.600002,40,13,46.000002,69.000005,22.042858,1,1,1000,0,ilp_v4,optimal,1,21.226414,27.594223,0.769234,0.264634,0.0,,0.264634,0.285682,3,0,0
rho\set00\rho_0.4.py,rho,0,rho,0.4,2,5,5,0.5,0.5,0.4,0.6,1.0,0.5,27.600002,40,13,46.000002,69.000005,22.042858,1,1,1000,0,greedy_sps_baseline,infeasible,0,,46.000002,,0.000457,,over budget: E=46.0000 > B=27.6000,0.000457,0.0008,3,0,0
rho\set00\rho_0.5.py,rho,0,rho,0.5,2,5,5,0.5,0.5,0.5,0.6,1.0,0.5,34.500002,40,13,46.000002,69.000005,22.042858,1,1,1000,0,ilp_v2,optimal,1,37.439498,34.486117,1.08564,0.186952,0.0,,0.186952,0.195638,3,0,0
rho\set00\rho_0.5.py,rho,0,rho,0.5,2,5,5,0.5,0.5,0.5,0.6,1.0,0.5,34.500002,40,13,46.000002,69.000005,22.042858,1,1,1000,0,ilp_v3,optimal,1,36.966056,34.432134,1.073592,0.170835,0.0,,0.170835,0.180319,3,0,0
rho\set00\rho_0.5.py,rho,0,rho,0.5,2,5,5,0.5,0.5,0.5,0.6,1.0,0.5,34.500002,40,13,46.000002,69.000005,22.042858,1,1,1000,0,ilp_v4,optimal,1,39.920555,34.478112,1.157852,0.331952,0.0,,0.331952,0.36095,3,0,0
rho\set00\rho_0.5.py,rho,0,rho,0.5,2,5,5,0.5,0.5,0.5,0.6,1.0,0.5,34.500002,40,13,46.000002,69.000005,22.042858,1,1,1000,0,greedy_sps_baseline,infeasible,0,,46.000002,,0.000771,,over budget: E=46.0000 > B=34.5000,0.000771,0.000911,3,0,0
rho\set00\rho_0.6.py,rho,0,rho,0.6,2,5,5,0.5,0.5,0.6,0.6,1.0,0.5,41.400003,40,13,46.000002,69.000005,22.042858,1,1,1000,0,ilp_v2,optimal,1,52.504877,41.264785,1.272389,0.057045,0.0,,0.057045,0.059886,3,0,0
rho\set00\rho_0.6.py,rho,0,rho,0.6,2,5,5,0.5,0.5,0.6,0.6,1.0,0.5,41.400003,40,13,46.000002,69.000005,22.042858,1,1,1000,0,ilp_v3,optimal,1,53.083622,41.33053,1.284368,0.144277,0.0,,0.144277,0.159592,3,0,0
rho\set00\rho_0.6.py,rho,0,rho,0.6,2,5,5,0.5,0.5,0.6,0.6,1.0,0.5,41.400003,40,13,46.000002,69.000005,22.042858,1,1,1000,0,ilp_v4,optimal,1,55.573848,41.398104,1.342425,0.427423,0.0,,0.427423,0.446346,3,0,0
rho\set00\rho_0.6.py,rho,0,rho,0.6,2,5,5,0.5,0.5,0.6,0.6,1.0,0.5,41.400003,40,13,46.000002,69.000005,22.042858,1,1,1000,0,greedy_sps_baseline,infeasible,0,,46.000002,,0.000417,,over budget: E=46.0000 > B=41.4000,0.000417,0.000578,3,0,0
rho\set00\rho_0.7.py,rho,0,rho,0.7,2,5,5,0.5,0.5,0.7,0.6,1.0,0.5,48.300003,40,13,46.000002,69.000005,22.042858,1,1,1000,0,ilp_v2,optimal,1,64.70866,48.292486,1.339932,0.033023,0.0,,0.033023,0.034449,3,0,0
rho\set00\rho_0.7.py,rho,0,rho,0.7,2,5,5,0.5,0.5,0.7,0.6,1.0,0.5,48.300003,40,13,46.000002,69.000005,22.042858,1,1,1000,0,ilp_v3,optimal,1,61.915628,47.940817,1.291501,0.071913,0.0,,0.071913,0.076759,3,0,0
rho\set00\rho_0.7.py,rho,0,rho,0.7,2,5,5,0.5,0.5,0.7,0.6,1.0,0.5,48.300003,40,13,46.000002,69.000005,22.042858,1,1,1000,0,ilp_v4,optimal,1,67.365432,47.602778,1.415158,0.078384,0.0,,0.078384,0.103188,3,0,0
rho\set00\rho_0.7.py,rho,0,rho,0.7,2,5,5,0.5,0.5,0.7,0.6,1.0,0.5,48.300003,40,13,46.000002,69.000005,22.042858,1,1,1000,0,greedy_sps_baseline,solved,1,8.364274,48.284027,0.173231,0.001017,,,0.001017,0.001953,3,0,0
rho\set00\rho_0.8.py,rho,0,rho,0.8,2,5,5,0.5,0.5,0.8,0.6,1.0,0.5,55.200004,40,13,46.000002,69.000005,22.042858,1,1,1000,0,ilp_v2,optimal,1,67.365432,54.68654,1.231847,0.007071,0.0,,0.007071,0.007582,3,0,0
rho\set00\rho_0.8.py,rho,0,rho,0.8,2,5,5,0.5,0.5,0.8,0.6,1.0,0.5,55.200004,40,13,46.000002,69.000005,22.042858,1,1,1000,0,ilp_v3,optimal,1,67.365432,52.972365,1.271709,0.007508,0.0,,0.007508,0.008891,3,0,0
rho\set00\rho_0.8.py,rho,0,rho,0.8,2,5,5,0.5,0.5,0.8,0.6,1.0,0.5,55.200004,40,13,46.000002,69.000005,22.042858,1,1,1000,0,ilp_v4,optimal,1,67.365432,54.68654,1.231847,0.033913,0.0,,0.033913,0.035318,3,0,0
rho\set00\rho_0.8.py,rho,0,rho,0.8,2,5,5,0.5,0.5,0.8,0.6,1.0,0.5,55.200004,40,13,46.000002,69.000005,22.042858,1,1,1000,0,greedy_sps_baseline,solved,1,30.670632,55.179962,0.555829,0.003235,,,0.003235,0.005447,3,0,0
rho\set00\rho_0.9.py,rho,0,rho,0.9,2,5,5,0.5,0.5,0.9,0.6,1.0,0.5,62.100004,40,13,46.000002,69.000005,22.042858,1,1,1000,0,ilp_v2,optimal,1,67.365432,59.795849,1.12659,0.006927,0.0,,0.006927,0.007401,3,0,0
rho\set00\rho_0.9.py,rho,0,rho,0.9,2,5,5,0.5,0.5,0.9,0.6,1.0,0.5,62.100004,40,13,46.000002,69.000005,22.042858,1,1,1000,0,ilp_v3,optimal,1,67.365432,55.510635,1.213559,0.007681,0.0,,0.007681,0.007978,3,0,0
rho\set00\rho_0.9.py,rho,0,rho,0.9,2,5,5,0.5,0.5,0.9,0.6,1.0,0.5,62.100004,40,13,46.000002,69.000005,22.042858,1,1,1000,0,ilp_v4,optimal,1,67.365432,59.795849,1.12659,0.025,0.0,,0.025,0.033,3,0,0
rho\set00\rho_0.9.py,rho,0,rho,0.9,2,5,5,0.5,0.5,0.9,0.6,1.0,0.5,62.100004,40,13,46.000002,69.000005,22.042858,1,1,1000,0,greedy_sps_baseline,solved,1,48.815774,61.768537,0.790302,0.003437,,,0.003437,0.003769,3,0,0
rho\set00\rho_1.py,rho,0,rho,1,2,5,5,0.5,0.5,1.0,0.6,1.0,0.5,69.000005,40,13,46.000002,69.000005,22.042858,1,1,1000,0,ilp_v2,optimal,1,67.365432,69.000005,0.976311,0.004539,0.0,,0.004539,0.004707,3,0,0
rho\set00\rho_1.py,rho,0,rho,1,2,5,5,0.5,0.5,1.0,0.6,1.0,0.5,69.000005,40,13,46.000002,69.000005,22.042858,1,1,1000,0,ilp_v3,optimal,1,67.365432,69.000005,0.976311,0.00437,0.0,,0.00437,0.004993,3,0,0
rho\set00\rho_1.py,rho,0,rho,1,2,5,5,0.5,0.5,1.0,0.6,1.0,0.5,69.000005,40,13,46.000002,69.000005,22.042858,1,1,1000,0,ilp_v4,optimal,1,67.365432,69.000005,0.976311,0.015565,0.0,,0.015565,0.015752,3,0,0
rho\set00\rho_1.py,rho,0,rho,1,2,5,5,0.5,0.5,1.0,0.6,1.0,0.5,69.000005,40,13,46.000002,69.000005,22.042858,1,1,1000,0,greedy_sps_baseline,solved,1,67.365432,69.000005,0.976311,0.003671,,,0.003671,0.003744,3,0,0
rho\set01\rho_0.2.py,rho,1,rho,0.2,2,5,5,0.5,0.5,0.2,0.6,1.0,0.5,13.800002,40,13,46.000002,69.00001,21.433334,1,1,1001,0,ilp_v2,infeasible,0,,,,0.00386,,,0.00386,0.005288,3,0,0
rho\set01\rho_0.2.py,rho,1,rho,0.2,2,5,5,0.5,0.5,0.2,0.6,1.0,0.5,13.800002,40,13,46.000002,69.00001,21.433334,1,1,1001,0,ilp_v3,infeasible,0,,,,0.003977,,,0.003977,0.004028,3,0,0
rho\set01\rho_0.2.py,rho,1,rho,0.2,2,5,5,0.5,0.5,0.2,0.6,1.0,0.5,13.800002,40,13,46.000002,69.00001,21.433334,1,1,1001,0,ilp_v4,infeasible,0,,,,0.004337,,,0.004337,0.004932,3,0,0
rho\set01\rho_0.2.py,rho,1,rho,0.2,2,5,5,0.5,0.5,0.2,0.6,1.0,0.5,13.800002,40,13,46.000002,69.00001,21.433334,1,1,1001,0,greedy_sps_baseline,infeasible,0,,46.000002,,0.000406,,over budget: E=46.0000 > B=13.8000,0.000406,0.000542,3,0,0
rho\set01\rho_0.3.py,rho,1,rho,0.3,2,5,5,0.5,0.5,0.3,0.6,1.0,0.5,20.700003,40,13,46.000002,69.00001,21.433334,1,1,1001,0,ilp_v2,infeasible,0,,,,0.003798,,,0.003798,0.004463,3,0,0
rho\set01\rho_0.3.py,rho,1,rho,0.3,2,5,5,0.5,0.5,0.3,0.6,1.0,0.5,20.700003,40,13,46.000002,69.00001,21.433334,1,1,1001,0,ilp_v3,infeasible,0,,,,0.003637,,,0.003637,0.003929,3,0,0
rho\set01\rho_0.3.py,rho,1,rho,0.3,2,5,5,0.5,0.5,0.3,0.6,1.0,0.5,20.700003,40,13,46.000002,69.00001,21.433334,1,1,1001,0,ilp_v4,infeasible,0,,,,0.003752,,,0.003752,0.004349,3,0,0
rho\set01\rho_0.3.py,rho,1,rho,0.3,2,5,5,0.5,0.5,0.3,0.6,1.0,0.5,20.700003,40,13,46.000002,69.00001,21.433334,1,1,1001,0,greedy_sps_baseline,infeasible,0,,46.000002,,0.000383,,over budget: E=46.0000 > B=20.7000,0.000383,0.000464,3,0,0
rho\set01\rho_0.4.py,rho,1,rho,0.4,2,5,5,0.5,0.5,0.4,0.6,1.0,0.5,27.600004,40,13,46.000002,69.00001,21.433334,1,1,1001,0,ilp_v2,infeasible,0,,,,0.003705,,,0.003705,0.004046,3,0,0
rho\set01\rho_0.4.py,rho,1,rho,0.4,2,5,5,0.5,0.5,0.4,0.6,1.0,0.5,27.600004,40,13,46.000002,69.00001,21.433334,1,1,1001,0,ilp_v3,infeasible,0,,,,0.004095,,,0.004095,0.00471,3,0,0
rho\set01\rho_0.4.py,rho,1,rho,0.4,2,5,5,0.5,0.5,0.4,0.6,1.0,0.5,27.600004,40,13,46.000002,69.00001,21.433334,1,1,1001,0,ilp_v4,infeasible,0,,,,0.009912,,,0.009912,0.010399,3,0,0
rho\set01\rho_0.4.py,rho,1,rho,0.4,2,5,5,0.5,0.5,0.4,0.6,1.0,0.5,27.600004,40,13,46.000002,69.00001,21.433334,1,1,1001,0,greedy_sps_baseline,infeasible,0,,46.000002,,0.00041,,over budget: E=46.0000 > B=27.6000,0.00041,0.000579,3,0,0
rho\set01\rho_0.5.py,rho,1,rho,0.5,2,5,5,0.5,0.5,0.5,0.6,1.0,0.5,34.500005,40,13,46.000002,69.00001,21.433334,1,1,1001,0,ilp_v2,optimal,1,17.527291,34.499814,0.50804,0.080933,7e-05,,0.080933,0.087391,3,0,0
rho\set01\rho_0.5.py,rho,1,rho,0.5,2,5,5,0.5,0.5,0.5,0.6,1.0,0.5,34.500005,40,13,46.000002,69.00001,21.433334,1,1,1001,0,ilp_v3,optimal,1,17.527291,34.499814,0.50804,0.088333,7e-05,,0.088333,0.093423,3,0,0
rho\set01\rho_0.5.py,rho,1,rho,0.5,2,5,5,0.5,0.5,0.5,0.6,1.0,0.5,34.500005,40,13,46.000002,69.00001,21.433334,1,1,1001,0,ilp_v4,optimal,1,19.449819,34.322823,0.566673,0.167814,0.0,,0.167814,0.206864,3,0,0
rho\set01\rho_0.5.py,rho,1,rho,0.5,2,5,5,0.5,0.5,0.5,0.6,1.0,0.5,34.500005,40,13,46.000002,69.00001,21.433334,1,1,1001,0,greedy_sps_baseline,infeasible,0,,46.000002,,0.000482,,over budget: E=46.0000 > B=34.5000,0.000482,0.000652,3,0,0
rho\set01\rho_0.6.py,rho,1,rho,0.6,2,5,5,0.5,0.5,0.6,0.6,1.0,0.5,41.400006,40,13,46.000002,69.00001,21.433334,1,1,1001,0,ilp_v2,optimal,1,31.478545,41.386355,0.760602,0.031567,0.0,,0.031567,0.032398,3,0,0
rho\set01\rho_0.6.py,rho,1,rho,0.6,2,5,5,0.5,0.5,0.6,0.6,1.0,0.5,41.400006,40,13,46.000002,69.00001,21.433334,1,1,1001,0,ilp_v3,optimal,1,24.821602,41.333974,0.600513,0.084692,0.0,,0.084692,0.09808,3,0,0
rho\set01\rho_0.6.py,rho,1,rho,0.6,2,5,5,0.5,0.5,0.6,0.6,1.0,0.5,41.400006,40,13,46.000002,69.00001,21.433334,1,1,1001,0,ilp_v4,optimal,1,32.559722,41.39986,0.786469,0.219589,2.9e-05,,0.219589,0.257515,3,0,0
rho\set01\rho_0.6.py,rho,1,rho,0.6,2,5,5,0.5,0.5,0.6,0.6,1.0,0.5,41.400006,40,13,46.000002,69.00001,21.433334,1,1,1001,0,greedy_sps_baseline,infeasible,0,,46.000002,,0.000457,,over budget: E=46.0000 > B=41.4000,0.000457,0.000601,3,0,0
rho\set01\rho_0.7.py,rho,1,rho,0.7,2,5,5,0.5,0.5,0.7,0.6,1.0,0.5,48.300007,40,13,46.000002,69.00001,21.433334,1,1,1001,0,ilp_v2,optimal,1,44.434702,48.263013,0.920678,0.032201,0.0,,0.032201,0.036225,3,0,0
rho\set01\rho_0.7.py,rho,1,rho,0.7,2,5,5,0.5,0.5,0.7,0.6,1.0,0.5,48.300007,40,13,46.000002,69.00001,21.433334,1,1,1001,0,ilp_v3,optimal,1,38.281158,48.280096,0.792897,0.174524,0.0,,0.174524,0.190791,3,0,0
rho\set01\rho_0.7.py,rho,1,rho,0.7,2,5,5,0.5,0.5,0.7,0.6,1.0,0.5,48.300007,40,13,46.000002,69.00001,21.433334,1,1,1001,0,ilp_v4,optimal,1,45.172125,48.226295,0.93667,0.154384,0.0,,0.154384,0.190533,3,0,0
rho\set01\rho_0.7.py,rho,1,rho,0.7,2,5,5,0.5,0.5,0.7,0.6,1.0,0.5,48.300007,40,13,46.000002,69.00001,21.433334,1,1,1001,0,greedy_sps_baseline,solved,1,6.057065,48.182155,0.125712,0.006345,,,0.006345,0.007083,3,0,0
rho\set01\rho_0.8.py,rho,1,rho,0.8,2,5,5,0.5,0.5,0.8,0.6,1.0,0.5,55.200008,40,13,46.000002,69.00001,21.433334,1,1,1001,0,ilp_v2,optimal,1,51.059243,54.994278,0.928446,0.007936,0.0,,0.007936,0.00932,3,0,0
rho\set01\rho_0.8.py,rho,1,rho,0.8,2,5,5,0.5,0.5,0.8,0.6,1.0,0.5,55.200008,40,13,46.000002,69.00001,21.433334,1,1,1001,0,ilp_v3,optimal,1,50.48879,55.139284,0.915659,0.013662,0.0,,0.013662,0.018264,3,0,0
rho\set01\rho_0.8.py,rho,1,rho,0.8,2,5,5,0.5,0.5,0.8,0.6,1.0,0.5,55.200008,40,13,46.000002,69.00001,21.433334,1,1,1001,0,ilp_v4,optimal,1,51.059243,54.786335,0.93197,0.067268,0.0,,0.067268,0.072712,3,0,0
rho\set01\rho_0.8.py,rho,1,rho,0.8,2,5,5,0.5,0.5,0.8,0.6,1.0,0.5,55.200008,40,13,46.000002,69.00001,21.433334,1,1,1001,0,greedy_sps_baseline,solved,1,23.224445,55.058678,0.421813,0.004508,,,0.004508,0.004893,3,0,0
rho\set01\rho_0.9.py,rho,1,rho,0.9,2,5,5,0.5,0.5,0.9,0.6,1.0,0.5,62.100009,40,13,46.000002,69.00001,21.433334,1,1,1001,0,ilp_v2,optimal,1,51.059243,57.170745,0.893101,0.008067,0.0,,0.008067,0.008282,3,0,0
rho\set01\rho_0.9.py,rho,1,rho,0.9,2,5,5,0.5,0.5,0.9,0.6,1.0,0.5,62.100009,40,13,46.000002,69.00001,21.433334,1,1,1001,0,ilp_v3,optimal,1,51.059243,61.637293,0.828382,0.007825,0.0,,0.007825,0.012222,3,0,0
rho\set01\rho_0.9.py,rho,1,rho,0.9,2,5,5,0.5,0.5,0.9,0.6,1.0,0.5,62.100009,40,13,46.000002,69.00001,21.433334,1,1,1001,0,ilp_v4,optimal,1,51.059243,61.850141,0.825532,0.034516,0.0,,0.034516,0.048188,3,0,0
rho\set01\rho_0.9.py,rho,1,rho,0.9,2,5,5,0.5,0.5,0.9,0.6,1.0,0.5,62.100009,40,13,46.000002,69.00001,21.433334,1,1,1001,0,greedy_sps_baseline,solved,1,37.297825,62.024595,0.601339,0.004857,,,0.004857,0.005879,3,0,0
rho\set01\rho_1.py,rho,1,rho,1,2,5,5,0.5,0.5,1.0,0.6,1.0,0.5,69.00001,40,13,46.000002,69.00001,21.433334,1,1,1001,0,ilp_v2,optimal,1,51.059243,67.022415,0.761823,0.00573,0.0,,0.00573,0.006253,3,0,0
rho\set01\rho_1.py,rho,1,rho,1,2,5,5,0.5,0.5,1.0,0.6,1.0,0.5,69.00001,40,13,46.000002,69.00001,21.433334,1,1,1001,0,ilp_v3,optimal,1,51.059243,64.109601,0.796437,0.008453,0.0,,0.008453,0.009518,3,0,0
rho\set01\rho_1.py,rho,1,rho,1,2,5,5,0.5,0.5,1.0,0.6,1.0,0.5,69.00001,40,13,46.000002,69.00001,21.433334,1,1,1001,0,ilp_v4,optimal,1,51.059243,67.624201,0.755044,0.024049,0.0,,0.024049,0.031774,3,0,0
rho\set01\rho_1.py,rho,1,rho,1,2,5,5,0.5,0.5,1.0,0.6,1.0,0.5,69.00001,40,13,46.000002,69.00001,21.433334,1,1,1001,0,greedy_sps_baseline,solved,1,50.48879,68.577098,0.736234,0.004873,,,0.004873,0.004963,3,0,0
rho\set02\rho_0.2.py,rho,2,rho,0.2,2,5,5,0.5,0.5,0.2,0.6,1.0,0.5,13.8,40,11,46.000001,69.000001,21.400001,1,1,1002,0,ilp_v2,infeasible,0,,,,0.002306,,,0.002306,0.002849,3,0,0
rho\set02\rho_0.2.py,rho,2,rho,0.2,2,5,5,0.5,0.5,0.2,0.6,1.0,0.5,13.8,40,11,46.000001,69.000001,21.400001,1,1,1002,0,ilp_v3,infeasible,0,,,,0.002183,,,0.002183,0.002951,3,0,0
rho\set02\rho_0.2.py,rho,2,rho,0.2,2,5,5,0.5,0.5,0.2,0.6,1.0,0.5,13.8,40,11,46.000001,69.000001,21.400001,1,1,1002,0,ilp_v4,infeasible,0,,,,0.002417,,,0.002417,0.002637,3,0,0
rho\set02\rho_0.2.py,rho,2,rho,0.2,2,5,5,0.5,0.5,0.2,0.6,1.0,0.5,13.8,40,11,46.000001,69.000001,21.400001,1,1,1002,0,greedy_sps_baseline,infeasible,0,,46.000001,,0.000456,,over budget: E=46.0000 > B=13.8000,0.000456,0.000658,3,0,0
rho\set02\rho_0.3.py,rho,2,rho,0.3,2,5,5,0.5,0.5,0.3,0.6,1.0,0.5,20.7,40,11,46.000001,69.000001,21.400001,1,1,1002,0,ilp_v2,infeasible,0,,,,0.002194,,,0.002194,0.002748,3,0,0
rho\set02\rho_0.3.py,rho,2,rho,0.3,2,5,5,0.5,0.5,0.3,0.6,1.0,0.5,20.7,40,11,46.000001,69.000001,21.400001,1,1,1002,0,ilp_v3,infeasible,0,,,,0.002144,,,0.002144,0.002216,3,0,0
rho\set02\rho_0.3.py,rho,2,rho,0.3,2,5,5,0.5,0.5,0.3,0.6,1.0,0.5,20.7,40,11,46.000001,69.000001,21.400001,1,1,1002,0,ilp_v4,infeasible,0,,,,0.002182,,,0.002182,0.002202,3,0,0
rho\set02\rho_0.3.py,rho,2,rho,0.3,2,5,5,0.5,0.5,0.3,0.6,1.0,0.5,20.7,40,11,46.000001,69.000001,21.400001,1,1,1002,0,greedy_sps_baseline,infeasible,0,,46.000001,,0.000347,,over budget: E=46.0000 > B=20.7000,0.000347,0.000421,3,0,0
rho\set02\rho_0.4.py,rho,2,rho,0.4,2,5,5,0.5,0.5,0.4,0.6,1.0,0.5,27.6,40,11,46.000001,69.000001,21.400001,1,1,1002,0,ilp_v2,optimal,1,21.970879,27.598043,0.796103,0.02056,0.0,,0.02056,0.024485,3,0,0
rho\set02\rho_0.4.py,rho,2,rho,0.4,2,5,5,0.5,0.5,0.4,0.6,1.0,0.5,27.6,40,11,46.000001,69.000001,21.400001,1,1,1002,0,ilp_v3,optimal,1,21.970879,27.598043,0.796103,0.02202,0.0,,0.02202,0.023768,3,0,0
rho\set02\rho_0.4.py,rho,2,rho,0.4,2,5,5,0.5,0.5,0.4,0.6,1.0,0.5,27.6,40,11,46.000001,69.000001,21.400001,1,1,1002,0,ilp_v4,optimal,1,23.236059,27.573072,0.842708,0.065617,0.0,,0.065617,0.089037,3,0,0
rho\set02\rho_0.4.py,rho,2,rho,0.4,2,5,5,0.5,0.5,0.4,0.6,1.0,0.5,27.6,40,11,46.000001,69.000001,21.400001,1,1,1002,0,greedy_sps_baseline,infeasible,0,,46.000001,,0.000326,,over budget: E=46.0000 > B=27.6000,0.000326,0.00048,3,0,0
rho\set02\rho_0.5.py,rho,2,rho,0.5,2,5,5,0.5,0.5,0.5,0.6,1.0,0.5,34.500001,40,11,46.000001,69.000001,21.400001,1,1,1002,0,ilp_v2,optimal,1,47.305903,34.414913,1.374576,0.015877,0.0,,0.015877,0.016846,3,0,0
rho\set02\rho_0.5.py,rho,2,rho,0.5,2,5,5,0.5,0.5,0.5,0.6,1.0,0.5,34.500001,40,11,46.000001,69.000001,21.400001,1,1,1002,0,ilp_v3,optimal,1,32.914159,33.769449,0.974673,0.029985,0.0,,0.029985,0.033887,3,0,0
rho\set02\rho_0.5.py,rho,2,rho,0.5,2,5,5,0.5,0.5,0.5,0.6,1.0,0.5,34.500001,40,11,46.000001,69.000001,21.400001,1,1,1002,0,ilp_v4,optimal,1,47.305903,34.414913,1.374576,0.037618,0.0,,0.037618,0.060538,3,0,0
rho\set02\rho_0.5.py,rho,2,rho,0.5,2,5,5,0.5,0.5,0.5,0.6,1.0,0.5,34.500001,40,11,46.000001,69.000001,21.400001,1,1,1002,0,greedy_sps_baseline,infeasible,0,,46.000001,,0.000346,,over budget: E=46.0000 > B=34.5000,0.000346,0.000481,3,0,0
rho\set02\rho_0.6.py,rho,2,rho,0.6,2,5,5,0.5,0.5,0.6,0.6,1.0,0.5,41.400001,40,11,46.000001,69.000001,21.400001,1,1,1002,0,ilp_v2,optimal,1,59.788005,41.318741,1.446995,0.014598,0.0,,0.014598,0.018758,3,0,0
rho\set02\rho_0.6.py,rho,2,rho,0.6,2,5,5,0.5,0.5,0.6,0.6,1.0,0.5,41.400001,40,11,46.000001,69.000001,21.400001,1,1,1002,0,ilp_v3,optimal,1,47.305903,41.100437,1.150983,0.025512,0.0,,0.025512,0.028521,3,0,0
rho\set02\rho_0.6.py,rho,2,rho,0.6,2,5,5,0.5,0.5,0.6,0.6,1.0,0.5,41.400001,40,11,46.000001,69.000001,21.400001,1,1,1002,0,ilp_v4,optimal,1,59.788005,41.318741,1.446995,0.031601,0.0,,0.031601,0.040073,3,0,0
rho\set02\rho_0.6.py,rho,2,rho,0.6,2,5,5,0.5,0.5,0.6,0.6,1.0,0.5,41.400001,40,11,46.000001,69.000001,21.400001,1,1,1002,0,greedy_sps_baseline,infeasible,0,,46.000001,,0.000371,,over budget: E=46.0000 > B=41.4000,0.000371,0.000473,3,0,0
rho\set02\rho_0.7.py,rho,2,rho,0.7,2,5,5,0.5,0.5,0.7,0.6,1.0,0.5,48.300001,40,11,46.000001,69.000001,21.400001,1,1,1002,0,ilp_v2,optimal,1,68.404718,47.739505,1.432874,0.014604,0.0,,0.014604,0.018721,3,0,0
rho\set02\rho_0.7.py,rho,2,rho,0.7,2,5,5,0.5,0.5,0.7,0.6,1.0,0.5,48.300001,40,11,46.000001,69.000001,21.400001,1,1,1002,0,ilp_v3,optimal,1,60.599474,48.298349,1.25469,0.024447,5.8e-05,,0.024447,0.029676,3,0,0
rho\set02\rho_0.7.py,rho,2,rho,0.7,2,5,5,0.5,0.5,0.7,0.6,1.0,0.5,48.300001,40,11,46.000001,69.000001,21.400001,1,1,1002,0,ilp_v4,optimal,1,69.490474,47.197065,1.472347,0.038199,0.0,,0.038199,0.047165,3,0,0
rho\set02\rho_0.7.py,rho,2,rho,0.7,2,5,5,0.5,0.5,0.7,0.6,1.0,0.5,48.300001,40,11,46.000001,69.000001,21.400001,1,1,1002,0,greedy_sps_baseline,solved,1,8.500133,48.282551,0.17605,0.000729,,,0.000729,0.000855,3,0,0
rho\set02\rho_0.8.py,rho,2,rho,0.8,2,5,5,0.5,0.5,0.8,0.6,1.0,0.5,55.200001,40,11,46.000001,69.000001,21.400001,1,1,1002,0,ilp_v2,optimal,1,70.586681,55.103376,1.280987,0.006767,0.0,,0.006767,0.007148,3,0,0
rho\set02\rho_0.8.py,rho,2,rho,0.8,2,5,5,0.5,0.5,0.8,0.6,1.0,0.5,55.200001,40,11,46.000001,69.000001,21.400001,1,1,1002,0,ilp_v3,optimal,1,66.204897,54.04421,1.225014,0.010921,0.0,,0.010921,0.012698,3,0,0
rho\set02\rho_0.8.py,rho,2,rho,0.8,2,5,5,0.5,0.5,0.8,0.6,1.0,0.5,55.200001,40,11,46.000001,69.000001,21.400001,1,1,1002,0,ilp_v4,optimal,1,70.586681,54.6553,1.291488,0.017401,0.0,,0.017401,0.018525,3,0,0
rho\set02\rho_0.8.py,rho,2,rho,0.8,2,5,5,0.5,0.5,0.8,0.6,1.0,0.5,55.200001,40,11,46.000001,69.000001,21.400001,1,1,1002,0,greedy_sps_baseline,solved,1,31.018377,55.037104,0.56359,0.001539,,,0.001539,0.002109,3,0,0
rho\set02\rho_0.9.py,rho,2,rho,0.9,2,5,5,0.5,0.5,0.9,0.6,1.0,0.5,62.100001,40,11,46.000001,69.000001,21.400001,1,1,1002,0,ilp_v2,optimal,1,70.586681,61.641179,1.145122,0.007551,0.0,,0.007551,0.009109,3,0,0
rho\set02\rho_0.9.py,rho,2,rho,0.9,2,5,5,0.5,0.5,0.9,0.6,1.0,0.5,62.100001,40,11,46.000001,69.000001,21.400001,1,1,1002,0,ilp_v3,optimal,1,69.954091,61.543696,1.136657,0.008791,0.0,,0.008791,0.012409,3,0,0
rho\set02\rho_0.9.py,rho,2,rho,0.9,2,5,5,0.5,0.5,0.9,0.6,1.0,0.5,62.100001,40,11,46.000001,69.000001,21.400001,1,1,1002,0,ilp_v4,optimal,1,70.586681,60.619861,1.164415,0.019901,0.0,,0.019901,0.024241,3,0,0
rho\set02\rho_0.9.py,rho,2,rho,0.9,2,5,5,0.5,0.5,0.9,0.6,1.0,0.5,62.100001,40,11,46.000001,69.000001,21.400001,1,1,1002,0,greedy_sps_baseline,solved,1,56.102533,61.406027,0.913632,0.00244,,,0.00244,0.003002,3,0,0
rho\set02\rho_1.py,rho,2,rho,1,2,5,5,0.5,0.5,1.0,0.6,1.0,0.5,69.000001,40,11,46.000001,69.000001,21.400001,1,1,1002,0,ilp_v2,optimal,1,70.586681,62.911555,1.121999,0.005089,0.0,,0.005089,0.007083,3,0,0
rho\set02\rho_1.py,rho,2,rho,1,2,5,5,0.5,0.5,1.0,0.6,1.0,0.5,69.000001,40,11,46.000001,69.000001,21.400001,1,1,1002,0,ilp_v3,optimal,1,70.586681,68.976655,1.023342,0.003536,0.0,,0.003536,0.003554,3,0,0
rho\set02\rho_1.py,rho,2,rho,1,2,5,5,0.5,0.5,1.0,0.6,1.0,0.5,69.000001,40,11,46.000001,69.000001,21.400001,1,1,1002,0,ilp_v4,optimal,1,70.586681,60.680373,1.163254,0.011574,0.0,,0.011574,0.011702,3,0,0
rho\set02\rho_1.py,rho,2,rho,1,2,5,5,0.5,0.5,1.0,0.6,1.0,0.5,69.000001,40,11,46.000001,69.000001,21.400001,1,1,1002,0,greedy_sps_baseline,solved,1,69.490474,68.020484,1.021611,0.001857,,,0.001857,0.001994,3,0,0
rho\set03\rho_0.2.py,rho,3,rho,0.2,2,5,5,0.5,0.5,0.2,0.6,1.0,0.5,13.8,40,10,46.0,68.999999,21.433333,1,1,1003,0,ilp_v2,infeasible,0,,,,0.002946,,,0.002946,0.003389,3,0,0
rho\set03\rho_0.2.py,rho,3,rho,0.2,2,5,5,0.5,0.5,0.2,0.6,1.0,0.5,13.8,40,10,46.0,68.999999,21.433333,1,1,1003,0,ilp_v3,infeasible,0,,,,0.002977,,,0.002977,0.005513,3,0,0
rho\set03\rho_0.2.py,rho,3,rho,0.2,2,5,5,0.5,0.5,0.2,0.6,1.0,0.5,13.8,40,10,46.0,68.999999,21.433333,1,1,1003,0,ilp_v4,infeasible,0,,,,0.002848,,,0.002848,0.004555,3,0,0
rho\set03\rho_0.2.py,rho,3,rho,0.2,2,5,5,0.5,0.5,0.2,0.6,1.0,0.5,13.8,40,10,46.0,68.999999,21.433333,1,1,1003,0,greedy_sps_baseline,infeasible,0,,46.0,,0.000314,,over budget: E=46.0000 > B=13.8000,0.000314,0.000759,3,0,0
rho\set03\rho_0.3.py,rho,3,rho,0.3,2,5,5,0.5,0.5,0.3,0.6,1.0,0.5,20.7,40,10,46.0,68.999999,21.433333,1,1,1003,0,ilp_v2,infeasible,0,,,,0.002629,,,0.002629,0.003246,3,0,0
rho\set03\rho_0.3.py,rho,3,rho,0.3,2,5,5,0.5,0.5,0.3,0.6,1.0,0.5,20.7,40,10,46.0,68.999999,21.433333,1,1,1003,0,ilp_v3,infeasible,0,,,,0.002426,,,0.002426,0.002609,3,0,0
rho\set03\rho_0.3.py,rho,3,rho,0.3,2,5,5,0.5,0.5,0.3,0.6,1.0,0.5,20.7,40,10,46.0,68.999999,21.433333,1,1,1003,0,ilp_v4,infeasible,0,,,,0.002753,,,0.002753,0.004452,3,0,0
rho\set03\rho_0.3.py,rho,3,rho,0.3,2,5,5,0.5,0.5,0.3,0.6,1.0,0.5,20.7,40,10,46.0,68.999999,21.433333,1,1,1003,0,greedy_sps_baseline,infeasible,0,,46.0,,0.000313,,over budget: E=46.0000 > B=20.7000,0.000313,0.000446,3,0,0
rho\set03\rho_0.4.py,rho,3,rho,0.4,2,5,5,0.5,0.5,0.4,0.6,1.0,0.5,27.6,40,10,46.0,68.999999,21.433333,1,1,1003,0,ilp_v2,optimal,1,20.349986,27.579766,0.737859,0.123073,0.0,,0.123073,0.132263,3,0,0
rho\set03\rho_0.4.py,rho,3,rho,0.4,2,5,5,0.5,0.5,0.4,0.6,1.0,0.5,27.6,40,10,46.0,68.999999,21.433333,1,1,1003,0,ilp_v3,optimal,1,20.349986,27.579766,0.737859,0.124931,0.0,,0.124931,0.127942,3,0,0
rho\set03\rho_0.4.py,rho,3,rho,0.4,2,5,5,0.5,0.5,0.4,0.6,1.0,0.5,27.6,40,10,46.0,68.999999,21.433333,1,1,1003,0,ilp_v4,optimal,1,21.241627,27.59827,0.769672,0.192091,0.0,,0.192091,0.208765,3,0,0
rho\set03\rho_0.4.py,rho,3,rho,0.4,2,5,5,0.5,0.5,0.4,0.6,1.0,0.5,27.6,40,10,46.0,68.999999,21.433333,1,1,1003,0,greedy_sps_baseline,infeasible,0,,46.0,,0.000357,,over budget: E=46.0000 > B=27.6000,0.000357,0.000491,3,0,0
rho\set03\rho_0.5.py,rho,3,rho,0.5,2,5,5,0.5,0.5,0.5,0.6,1.0,0.5,34.499999,40,10,46.0,68.999999,21.433333,1,1,1003,0,ilp_v2,optimal,1,45.118351,34.492634,1.308058,0.161732,0.0,,0.161732,0.185152,3,0,0
rho\set03\rho_0.5.py,rho,3,rho,0.5,2,5,5,0.5,0.5,0.5,0.6,1.0,0.5,34.499999,40,10,46.0,68.999999,21.433333,1,1,1003,0,ilp_v3,optimal,1,44.249717,34.467412,1.283813,0.024401,0.0,,0.024401,0.030374,3,0,0
rho\set03\rho_0.5.py,rho,3,rho,0.5,2,5,5,0.5,0.5,0.5,0.6,1.0,0.5,34.499999,40,10,46.0,68.999999,21.433333,1,1,1003,0,ilp_v4,optimal,1,43.404137,34.497648,1.258177,0.150094,0.0,,0.150094,0.158214,3,0,0
rho\set03\rho_0.5.py,rho,3,rho,0.5,2,5,5,0.5,0.5,0.5,0.6,1.0,0.5,34.499999,40,10,46.0,68.999999,21.433333,1,1,1003,0,greedy_sps_baseline,infeasible,0,,46.0,,0.000331,,over budget: E=46.0000 > B=34.5000,0.000331,0.000532,3,0,0
rho\set03\rho_0.6.py,rho,3,rho,0.6,2,5,5,0.5,0.5,0.6,0.6,1.0,0.5,41.399999,40,10,46.0,68.999999,21.433333,1,1,1003,0,ilp_v2,optimal,1,59.998607,41.252872,1.45441,0.110251,0.0,,0.110251,0.132124,3,0,0
rho\set03\rho_0.6.py,rho,3,rho,0.6,2,5,5,0.5,0.5,0.6,0.6,1.0,0.5,41.399999,40,10,46.0,68.999999,21.433333,1,1,1003,0,ilp_v3,optimal,1,58.022942,41.369124,1.402566,0.078953,0.0,,0.078953,0.086028,3,0,0
rho\set03\rho_0.6.py,rho,3,rho,0.6,2,5,5,0.5,0.5,0.6,0.6,1.0,0.5,41.399999,40,10,46.0,68.999999,21.433333,1,1,1003,0,ilp_v4,optimal,1,59.700438,41.111464,1.45216,0.121986,0.0,,0.121986,0.144068,3,0,0
rho\set03\rho_0.6.py,rho,3,rho,0.6,2,5,5,0.5,0.5,0.6,0.6,1.0,0.5,41.399999,40,10,46.0,68.999999,21.433333,1,1,1003,0,greedy_sps_baseline,infeasible,0,,46.0,,0.000359,,over budget: E=46.0000 > B=41.4000,0.000359,0.000448,3,0,0
rho\set03\rho_0.7.py,rho,3,rho,0.7,2,5,5,0.5,0.5,0.7,0.6,1.0,0.5,48.299999,40,10,46.0,68.999999,21.433333,1,1,1003,0,ilp_v2,optimal,1,65.652181,48.288722,1.359576,0.02096,0.0,,0.02096,0.027007,3,0,0
rho\set03\rho_0.7.py,rho,3,rho,0.7,2,5,5,0.5,0.5,0.7,0.6,1.0,0.5,48.299999,40,10,46.0,68.999999,21.433333,1,1,1003,0,ilp_v3,optimal,1,62.894954,48.298718,1.302208,0.059842,0.0,,0.059842,0.069302,3,0,0
rho\set03\rho_0.7.py,rho,3,rho,0.7,2,5,5,0.5,0.5,0.7,0.6,1.0,0.5,48.299999,40,10,46.0,68.999999,21.433333,1,1,1003,0,ilp_v4,optimal,1,65.814743,48.274164,1.363353,0.054754,0.0,,0.054754,0.089649,3,0,0
rho\set03\rho_0.7.py,rho,3,rho,0.7,2,5,5,0.5,0.5,0.7,0.6,1.0,0.5,48.299999,40,10,46.0,68.999999,21.433333,1,1,1003,0,greedy_sps_baseline,solved,1,3.970118,48.2699,0.082248,0.000772,,,0.000772,0.001,3,0,0
rho\set03\rho_0.8.py,rho,3,rho,0.8,2,5,5,0.5,0.5,0.8,0.6,1.0,0.5,55.199999,40,10,46.0,68.999999,21.433333,1,1,1003,0,ilp_v2,optimal,1,66.121629,54.471193,1.213883,0.007702,0.0,,0.007702,0.008996,3,0,0
rho\set03\rho_0.8.py,rho,3,rho,0.8,2,5,5,0.5,0.5,0.8,0.6,1.0,0.5,55.199999,40,10,46.0,68.999999,21.433333,1,1,1003,0,ilp_v3,optimal,1,66.121629,55.09519,1.200134,0.007009,0.0,,0.007009,0.007487,3,0,0
rho\set03\rho_0.8.py,rho,3,rho,0.8,2,5,5,0.5,0.5,0.8,0.6,1.0,0.5,55.199999,40,10,46.0,68.999999,21.433333,1,1,1003,0,ilp_v4,optimal,1,66.121629,55.151932,1.1989,0.032259,0.0,,0.032259,0.033647,3,0,0
rho\set03\rho_0.8.py,rho,3,rho,0.8,2,5,5,0.5,0.5,0.8,0.6,1.0,0.5,55.199999,40,10,46.0,68.999999,21.433333,1,1,1003,0,greedy_sps_baseline,solved,1,30.460851,55.091799,0.552911,0.001055,,,0.001055,0.001179,3,0,0
rho\set03\rho_0.9.py,rho,3,rho,0.9,2,5,5,0.5,0.5,0.9,0.6,1.0,0.5,62.099999,40,10,46.0,68.999999,21.433333,1,1,1003,0,ilp_v2,optimal,1,66.121629,52.161042,1.267644,0.007796,0.0,,0.007796,0.008302,3,0,0
rho\set03\rho_0.9.py,rho,3,rho,0.9,2,5,5,0.5,0.5,0.9,0.6,1.0,0.5,62.099999,40,10,46.0,68.999999,21.433333,1,1,1003,0,ilp_v3,optimal,1,66.121629,61.971282,1.066972,0.006278,0.0,,0.006278,0.007226,3,0,0
rho\set03\rho_0.9.py,rho,3,rho,0.9,2,5,5,0.5,0.5,0.9,0.6,1.0,0.5,62.099999,40,10,46.0,68.999999,21.433333,1,1,1003,0,ilp_v4,optimal,1,66.121629,52.161042,1.267644,0.018089,0.0,,0.018089,0.020659,3,0,0
rho\set03\rho_0.9.py,rho,3,rho,0.9,2,5,5,0.5,0.5,0.9,0.6,1.0,0.5,62.099999,40,10,46.0,68.999999,21.433333,1,1,1003,0,greedy_sps_baseline,solved,1,51.492707,62.033205,0.830083,0.002493,,,0.002493,0.002595,3,0,0
rho\set03\rho_1.py,rho,3,rho,1,2,5,5,0.5,0.5,1.0,0.6,1.0,0.5,68.999999,40,10,46.0,68.999999,21.433333,1,1,1003,0,ilp_v2,optimal,1,66.121629,68.999999,0.958284,0.003638,0.0,,0.003638,0.004669,3,0,0
rho\set03\rho_1.py,rho,3,rho,1,2,5,5,0.5,0.5,1.0,0.6,1.0,0.5,68.999999,40,10,46.0,68.999999,21.433333,1,1,1003,0,ilp_v3,optimal,1,66.121629,68.999999,0.958284,0.003096,0.0,,0.003096,0.003571,3,0,0
rho\set03\rho_1.py,rho,3,rho,1,2,5,5,0.5,0.5,1.0,0.6,1.0,0.5,68.999999,40,10,46.0,68.999999,21.433333,1,1,1003,0,ilp_v4,optimal,1,66.121629,68.999999,0.958284,0.011743,0.0,,0.011743,0.013249,3,0,0
rho\set03\rho_1.py,rho,3,rho,1,2,5,5,0.5,0.5,1.0,0.6,1.0,0.5,68.999999,40,10,46.0,68.999999,21.433333,1,1,1003,0,greedy_sps_baseline,solved,1,66.121629,68.999999,0.958284,0.002531,,,0.002531,0.003049,3,0,0
rho\set04\rho_0.2.py,rho,4,rho,0.2,2,5,5,0.5,0.5,0.2,0.6,1.0,0.5,13.8,40,13,46.000002,69.0,22.042858,1,1,1004,0,ilp_v2,infeasible,0,,,,0.003956,,,0.003956,0.004471,3,0,0
rho\set04\rho_0.2.py,rho,4,rho,0.2,2,5,5,0.5,0.5,0.2,0.6,1.0,0.5,13.8,40,13,46.000002,69.0,22.042858,1,1,1004,0,ilp_v3,infeasible,0,,,,0.003681,,,0.003681,0.004278,3,0,0
rho\set04\rho_0.2.py,rho,4,rho,0.2,2,5,5,0.5,0.5,0.2,0.6,1.0,0.5,13.8,40,13,46.000002,69.0,22.042858,1,1,1004,0,ilp_v4,infeasible,0,,,,0.003237,,,0.003237,0.004396,3,0,0
rho\set04\rho_0.2.py,rho,4,rho,0.2,2,5,5,0.5,0.5,0.2,0.6,1.0,0.5,13.8,40,13,46.000002,69.0,22.042858,1,1,1004,0,greedy_sps_baseline,infeasible,0,,46.000002,,0.000334,,over budget: E=46.0000 > B=13.8000,0.000334,0.000478,3,0,0
rho\set04\rho_0.3.py,rho,4,rho,0.3,2,5,5,0.5,0.5,0.3,0.6,1.0,0.5,20.7,40,13,46.000002,69.0,22.042858,1,1,1004,0,ilp_v2,infeasible,0,,,,0.003863,,,0.003863,0.004789,3,0,0
rho\set04\rho_0.3.py,rho,4,rho,0.3,2,5,5,0.5,0.5,0.3,0.6,1.0,0.5,20.7,40,13,46.000002,69.0,22.042858,1,1,1004,0,ilp_v3,infeasible,0,,,,0.003821,,,0.003821,0.00477,3,0,0
rho\set04\rho_0.3.py,rho,4,rho,0.3,2,5,5,0.5,0.5,0.3,0.6,1.0,0.5,20.7,40,13,46.000002,69.0,22.042858,1,1,1004,0,ilp_v4,infeasible,0,,,,0.004054,,,0.004054,0.00738,3,0,0
rho\set04\rho_0.3.py,rho,4,rho,0.3,2,5,5,0.5,0.5,0.3,0.6,1.0,0.5,20.7,40,13,46.000002,69.0,22.042858,1,1,1004,0,greedy_sps_baseline,infeasible,0,,46.000002,,0.000743,,over budget: E=46.0000 > B=20.7000,0.000743,0.001096,3,0,0
rho\set04\rho_0.4.py,rho,4,rho,0.4,2,5,5,0.5,0.5,0.4,0.6,1.0,0.5,27.6,40,13,46.000002,69.0,22.042858,1,1,1004,0,ilp_v2,optimal,1,15.315985,27.595341,0.555021,0.066949,0.0,,0.066949,0.083522,3,0,0
rho\set04\rho_0.4.py,rho,4,rho,0.4,2,5,5,0.5,0.5,0.4,0.6,1.0,0.5,27.6,40,13,46.000002,69.0,22.042858,1,1,1004,0,ilp_v3,optimal,1,19.8586,27.590977,0.71975,0.040009,0.0,,0.040009,0.044195,3,0,0
rho\set04\rho_0.4.py,rho,4,rho,0.4,2,5,5,0.5,0.5,0.4,0.6,1.0,0.5,27.6,40,13,46.000002,69.0,22.042858,1,1,1004,0,ilp_v4,optimal,1,15.988875,27.599055,0.579327,0.177398,0.0,,0.177398,0.227721,3,0,0
rho\set04\rho_0.4.py,rho,4,rho,0.4,2,5,5,0.5,0.5,0.4,0.6,1.0,0.5,27.6,40,13,46.000002,69.0,22.042858,1,1,1004,0,greedy_sps_baseline,infeasible,0,,46.000002,,0.000329,,over budget: E=46.0000 > B=27.6000,0.000329,0.000497,3,0,0
rho\set04\rho_0.5.py,rho,4,rho,0.5,2,5,5,0.5,0.5,0.5,0.6,1.0,0.5,34.5,40,13,46.000002,69.0,22.042858,1,1,1004,0,ilp_v2,optimal,1,36.207905,34.473602,1.050308,0.031657,0.0,,0.031657,0.035062,3,0,0
rho\set04\rho_0.5.py,rho,4,rho,0.5,2,5,5,0.5,0.5,0.5,0.6,1.0,0.5,34.5,40,13,46.000002,69.0,22.042858,1,1,1004,0,ilp_v3,optimal,1,41.057687,34.495851,1.190221,0.038225,0.0,,0.038225,0.04549,3,0,0
rho\set04\rho_0.5.py,rho,4,rho,0.5,2,5,5,0.5,0.5,0.5,0.6,1.0,0.5,34.5,40,13,46.000002,69.0,22.042858,1,1,1004,0,ilp_v4,optimal,1,37.19409,34.451609,1.079604,0.249185,0.0,,0.249185,0.259916,3,0,0
rho\set04\rho_0.5.py,rho,4,rho,0.5,2,5,5,0.5,0.5,0.5,0.6,1.0,0.5,34.5,40,13,46.000002,69.0,22.042858,1,1,1004,0,greedy_sps_baseline,infeasible,0,,46.000002,,0.000462,,over budget: E=46.0000 > B=34.5000,0.000462,0.000644,3,0,0
rho\set04\rho_0.6.py,rho,4,rho,0.6,2,5,5,0.5,0.5,0.6,0.6,1.0,0.5,41.4,40,13,46.000002,69.0,22.042858,1,1,1004,0,ilp_v2,optimal,1,50.12607,41.381749,1.211309,0.093494,0.0,,0.093494,0.099442,3,0,0
rho\set04\rho_0.6.py,rho,4,rho,0.6,2,5,5,0.5,0.5,0.6,0.6,1.0,0.5,41.4,40,13,46.000002,69.0,22.042858,1,1,1004,0,ilp_v3,optimal,1,50.12607,41.381749,1.211309,0.09465,0.0,,0.09465,0.105092,3,0,0
rho\set04\rho_0.6.py,rho,4,rho,0.6,2,5,5,0.5,0.5,0.6,0.6,1.0,0.5,41.4,40,13,46.000002,69.0,22.042858,1,1,1004,0,ilp_v4,optimal,1,52.778672,41.358919,1.276113,0.099744,0.0,,0.099744,0.129431,3,0,0
rho\set04\rho_0.6.py,rho,4,rho,0.6,2,5,5,0.5,0.5,0.6,0.6,1.0,0.5,41.4,40,13,46.000002,69.0,22.042858,1,1,1004,0,greedy_sps_baseline,infeasible,0,,46.000002,,0.000396,,over budget: E=46.0000 > B=41.4000,0.000396,0.000519,3,0,0
rho\set04\rho_0.7.py,rho,4,rho,0.7,2,5,5,0.5,0.5,0.7,0.6,1.0,0.5,48.3,40,13,46.000002,69.0,22.042858,1,1,1004,0,ilp_v2,optimal,1,54.907754,48.120775,1.141041,0.030472,3.6e-05,,0.030472,0.032233,3,0,0
rho\set04\rho_0.7.py,rho,4,rho,0.7,2,5,5,0.5,0.5,0.7,0.6,1.0,0.5,48.3,40,13,46.000002,69.0,22.042858,1,1,1004,0,ilp_v3,optimal,1,56.271351,47.64706,1.181004,0.014808,0.0,,0.014808,0.019168,3,0,0
rho\set04\rho_0.7.py,rho,4,rho,0.7,2,5,5,0.5,0.5,0.7,0.6,1.0,0.5,48.3,40,13,46.000002,69.0,22.042858,1,1,1004,0,ilp_v4,optimal,1,56.483065,48.270237,1.170143,0.11311,0.0,,0.11311,0.150412,3,0,0
rho\set04\rho_0.7.py,rho,4,rho,0.7,2,5,5,0.5,0.5,0.7,0.6,1.0,0.5,48.3,40,13,46.000002,69.0,22.042858,1,1,1004,0,greedy_sps_baseline,solved,1,7.79982,48.211926,0.161782,0.001462,,,0.001462,0.001828,3,0,0
rho\set04\rho_0.8.py,rho,4,rho,0.8,2,5,5,0.5,0.5,0.8,0.6,1.0,0.5,55.2,40,13,46.000002,69.0,22.042858,1,1,1004,0,ilp_v2,optimal,1,56.900624,54.572533,1.042661,0.015052,0.0,,0.015052,0.016779,3,0,0
rho\set04\rho_0.8.py,rho,4,rho,0.8,2,5,5,0.5,0.5,0.8,0.6,1.0,0.5,55.2,40,13,46.000002,69.0,22.042858,1,1,1004,0,ilp_v3,optimal,1,56.900624,55.101386,1.032653,0.016319,0.0,,0.016319,0.019643,3,0,0
rho\set04\rho_0.8.py,rho,4,rho,0.8,2,5,5,0.5,0.5,0.8,0.6,1.0,0.5,55.2,40,13,46.000002,69.0,22.042858,1,1,1004,0,ilp_v4,optimal,1,55.978206,53.949041,1.037613,0.044589,0.0,,0.044589,0.054321,3,0,0
rho\set04\rho_0.8.py,rho,4,rho,0.8,2,5,5,0.5,0.5,0.8,0.6,1.0,0.5,55.2,40,13,46.000002,69.0,22.042858,1,1,1004,0,greedy_sps_baseline,solved,1,30.335041,55.17635,0.549783,0.002216,,,0.002216,0.002532,3,0,0
rho\set04\rho_0.9.py,rho,4,rho,0.9,2,5,5,0.5,0.5,0.9,0.6,1.0,0.5,62.1,40,13,46.000002,69.0,22.042858,1,1,1004,0,ilp_v2,optimal,1,56.900624,58.674634,0.969765,0.009203,0.0,,0.009203,0.00988,3,0,0
rho\set04\rho_0.9.py,rho,4,rho,0.9,2,5,5,0.5,0.5,0.9,0.6,1.0,0.5,62.1,40,13,46.000002,69.0,22.042858,1,1,1004,0,ilp_v3,optimal,1,56.900624,58.674634,0.969765,0.009238,0.0,,0.009238,0.009749,3,0,0
rho\set04\rho_0.9.py,rho,4,rho,0.9,2,5,5,0.5,0.5,0.9,0.6,1.0,0.5,62.1,40,13,46.000002,69.0,22.042858,1,1,1004,0,ilp_v4,optimal,1,56.900624,58.674634,0.969765,0.03049,0.0,,0.03049,0.032754,3,0,0
rho\set04\rho_0.9.py,rho,4,rho,0.9,2,5,5,0.5,0.5,0.9,0.6,1.0,0.5,62.1,40,13,46.000002,69.0,22.042858,1,1,1004,0,greedy_sps_baseline,solved,1,49.556446,62.072752,0.798361,0.0043,,,0.0043,0.004451,3,0,0
rho\set04\rho_1.py,rho,4,rho,1,2,5,5,0.5,0.5,1.0,0.6,1.0,0.5,69.0,40,13,46.000002,69.0,22.042858,1,1,1004,0,ilp_v2,optimal,1,56.900624,69.0,0.824647,0.004814,0.0,,0.004814,0.005531,3,0,0
rho\set04\rho_1.py,rho,4,rho,1,2,5,5,0.5,0.5,1.0,0.6,1.0,0.5,69.0,40,13,46.000002,69.0,22.042858,1,1,1004,0,ilp_v3,optimal,1,56.900624,69.0,0.824647,0.004693,0.0,,0.004693,0.007087,3,0,0
rho\set04\rho_1.py,rho,4,rho,1,2,5,5,0.5,0.5,1.0,0.6,1.0,0.5,69.0,40,13,46.000002,69.0,22.042858,1,1,1004,0,ilp_v4,optimal,1,56.900624,69.0,0.824647,0.017956,0.0,,0.017956,0.027186,3,0,0
rho\set04\rho_1.py,rho,4,rho,1,2,5,5,0.5,0.5,1.0,0.6,1.0,0.5,69.0,40,13,46.000002,69.0,22.042858,1,1,1004,0,greedy_sps_baseline,solved,1,56.900624,69.0,0.824647,0.004785,,,0.004785,0.004846,3,0,0
rho\set00\rho_0.2.py,rho,0,rho,0.2,2,5,5,0.5,0.5,0.2,0.6,1.0,0.5,13.800001,40,13,46.000002,69.000005,22.042858,1,1,1000,0,heuristic_v4,infeasible,0,,46.000002,,0.000872,,over budget: E=46.0000 > B=13.8000,0.000872,0.001009,3,0,0
rho\set00\rho_0.3.py,rho,0,rho,0.3,2,5,5,0.5,0.5,0.3,0.6,1.0,0.5,20.700001,40,13,46.000002,69.000005,22.042858,1,1,1000,0,heuristic_v4,infeasible,0,,46.000002,,0.000634,,over budget: E=46.0000 > B=20.7000,0.000634,0.000881,3,0,0
rho\set00\rho_0.4.py,rho,0,rho,0.4,2,5,5,0.5,0.5,0.4,0.6,1.0,0.5,27.600002,40,13,46.000002,69.000005,22.042858,1,1,1000,0,heuristic_v4,solved,1,14.836344,27.599696,0.537555,0.004592,,,0.004592,0.005023,3,0,0
rho\set00\rho_0.5.py,rho,0,rho,0.5,2,5,5,0.5,0.5,0.5,0.6,1.0,0.5,34.500002,40,13,46.000002,69.000005,22.042858,1,1,1000,0,heuristic_v4,solved,1,36.588608,34.405956,1.063438,0.003515,,,0.003515,0.004137,3,0,0
rho\set00\rho_0.6.py,rho,0,rho,0.6,2,5,5,0.5,0.5,0.6,0.6,1.0,0.5,41.400003,40,13,46.000002,69.000005,22.042858,1,1,1000,0,heuristic_v4,solved,1,51.462131,41.362231,1.244182,0.002921,,,0.002921,0.003623,3,0,0
rho\set00\rho_0.7.py,rho,0,rho,0.7,2,5,5,0.5,0.5,0.7,0.6,1.0,0.5,48.300003,40,13,46.000002,69.000005,22.042858,1,1,1000,0,heuristic_v4,solved,1,60.294133,47.770172,1.262171,0.002431,,,0.002431,0.002667,3,0,0
rho\set00\rho_0.8.py,rho,0,rho,0.8,2,5,5,0.5,0.5,0.8,0.6,1.0,0.5,55.200004,40,13,46.000002,69.000005,22.042858,1,1,1000,0,heuristic_v4,solved,1,67.365432,55.057918,1.223538,0.002052,,,0.002052,0.00223,3,0,0
rho\set00\rho_0.9.py,rho,0,rho,0.9,2,5,5,0.5,0.5,0.9,0.6,1.0,0.5,62.100004,40,13,46.000002,69.000005,22.042858,1,1,1000,0,heuristic_v4,solved,1,67.365432,62.02227,1.086149,0.001509,,,0.001509,0.001647,3,0,0
rho\set00\rho_1.py,rho,0,rho,1,2,5,5,0.5,0.5,1.0,0.6,1.0,0.5,69.000005,40,13,46.000002,69.000005,22.042858,1,1,1000,0,heuristic_v4,solved,1,67.365432,69.000005,0.976311,0.001262,,,0.001262,0.001373,3,0,0
rho\set01\rho_0.2.py,rho,1,rho,0.2,2,5,5,0.5,0.5,0.2,0.6,1.0,0.5,13.800002,40,13,46.000002,69.00001,21.433334,1,1,1001,0,heuristic_v4,infeasible,0,,46.000002,,0.000568,,over budget: E=46.0000 > B=13.8000,0.000568,0.000713,3,0,0
rho\set01\rho_0.3.py,rho,1,rho,0.3,2,5,5,0.5,0.5,0.3,0.6,1.0,0.5,20.700003,40,13,46.000002,69.00001,21.433334,1,1,1001,0,heuristic_v4,infeasible,0,,46.000002,,0.00055,,over budget: E=46.0000 > B=20.7000,0.00055,0.00069,3,0,0
rho\set01\rho_0.4.py,rho,1,rho,0.4,2,5,5,0.5,0.5,0.4,0.6,1.0,0.5,27.600004,40,13,46.000002,69.00001,21.433334,1,1,1001,0,heuristic_v4,infeasible,0,,30.250001,,0.002245,,over budget: E=30.2500 > B=27.6000,0.002245,0.002376,3,0,0
rho\set01\rho_0.5.py,rho,1,rho,0.5,2,5,5,0.5,0.5,0.5,0.6,1.0,0.5,34.500005,40,13,46.000002,69.00001,21.433334,1,1,1001,0,heuristic_v4,solved,1,16.268589,34.149675,0.476391,0.005469,,,0.005469,0.00568,3,0,0
rho\set01\rho_0.6.py,rho,1,rho,0.6,2,5,5,0.5,0.5,0.6,0.6,1.0,0.5,41.400006,40,13,46.000002,69.00001,21.433334,1,1,1001,0,heuristic_v4,solved,1,30.006157,41.361714,0.725457,0.006119,,,0.006119,0.006427,3,0,0
rho\set01\rho_0.7.py,rho,1,rho,0.7,2,5,5,0.5,0.5,0.7,0.6,1.0,0.5,48.300007,40,13,46.000002,69.00001,21.433334,1,1,1001,0,heuristic_v4,solved,1,37.582906,47.285342,0.794811,0.00267,,,0.00267,0.002852,3,0,0
rho\set01\rho_0.8.py,rho,1,rho,0.8,2,5,5,0.5,0.5,0.8,0.6,1.0,0.5,55.200008,40,13,46.000002,69.00001,21.433334,1,1,1001,0,heuristic_v4,solved,1,50.634528,54.835838,0.923384,0.002543,,,0.002543,0.002778,3,0,0
rho\set01\rho_0.9.py,rho,1,rho,0.9,2,5,5,0.5,0.5,0.9,0.6,1.0,0.5,62.100009,40,13,46.000002,69.00001,21.433334,1,1,1001,0,heuristic_v4,solved,1,51.059243,60.773405,0.840158,0.002253,,,0.002253,0.002921,3,0,0
rho\set01\rho_1.py,rho,1,rho,1,2,5,5,0.5,0.5,1.0,0.6,1.0,0.5,69.00001,40,13,46.000002,69.00001,21.433334,1,1,1001,0,heuristic_v4,solved,1,51.059243,68.740979,0.742777,0.001375,,,0.001375,0.001575,3,0,0
rho\set02\rho_0.2.py,rho,2,rho,0.2,2,5,5,0.5,0.5,0.2,0.6,1.0,0.5,13.8,40,11,46.000001,69.000001,21.400001,1,1,1002,0,heuristic_v4,infeasible,0,,46.000001,,0.000515,,over budget: E=46.0000 > B=13.8000,0.000515,0.000663,3,0,0
rho\set02\rho_0.3.py,rho,2,rho,0.3,2,5,5,0.5,0.5,0.3,0.6,1.0,0.5,20.7,40,11,46.000001,69.000001,21.400001,1,1,1002,0,heuristic_v4,infeasible,0,,46.000001,,0.000535,,over budget: E=46.0000 > B=20.7000,0.000535,0.000662,3,0,0
rho\set02\rho_0.4.py,rho,2,rho,0.4,2,5,5,0.5,0.5,0.4,0.6,1.0,0.5,27.6,40,11,46.000001,69.000001,21.400001,1,1,1002,0,heuristic_v4,solved,1,21.033213,27.557,0.763262,0.00212,,,0.00212,0.002208,3,0,0
rho\set02\rho_0.5.py,rho,2,rho,0.5,2,5,5,0.5,0.5,0.5,0.6,1.0,0.5,34.500001,40,11,46.000001,69.000001,21.400001,1,1,1002,0,heuristic_v4,solved,1,45.77997,34.34481,1.332952,0.001653,,,0.001653,0.001807,3,0,0
rho\set02\rho_0.6.py,rho,2,rho,0.6,2,5,5,0.5,0.5,0.6,0.6,1.0,0.5,41.400001,40,11,46.000001,69.000001,21.400001,1,1,1002,0,heuristic_v4,solved,1,56.814833,41.316588,1.37511,0.00137,,,0.00137,0.001555,3,0,0
rho\set02\rho_0.7.py,rho,2,rho,0.7,2,5,5,0.5,0.5,0.7,0.6,1.0,0.5,48.300001,40,11,46.000001,69.000001,21.400001,1,1,1002,0,heuristic_v4,solved,1,65.644495,48.017426,1.367097,0.001218,,,0.001218,0.00138,3,0,0
rho\set02\rho_0.8.py,rho,2,rho,0.8,2,5,5,0.5,0.5,0.8,0.6,1.0,0.5,55.200001,40,11,46.000001,69.000001,21.400001,1,1,1002,0,heuristic_v4,solved,1,70.586681,54.840952,1.287116,0.001275,,,0.001275,0.001428,3,0,0
rho\set02\rho_0.9.py,rho,2,rho,0.9,2,5,5,0.5,0.5,0.9,0.6,1.0,0.5,62.100001,40,11,46.000001,69.000001,21.400001,1,1,1002,0,heuristic_v4,solved,1,70.586681,61.48508,1.148029,0.001199,,,0.001199,0.001617,3,0,0
rho\set02\rho_1.py,rho,2,rho,1,2,5,5,0.5,0.5,1.0,0.6,1.0,0.5,69.000001,40,11,46.000001,69.000001,21.400001,1,1,1002,0,heuristic_v4,solved,1,70.586681,68.983081,1.023246,0.001015,,,0.001015,0.001431,3,0,0
rho\set03\rho_0.2.py,rho,3,rho,0.2,2,5,5,0.5,0.5,0.2,0.6,1.0,0.5,13.8,40,10,46.0,68.999999,21.433333,1,1,1003,0,heuristic_v4,infeasible,0,,46.0,,0.000629,,over budget: E=46.0000 > B=13.8000,0.000629,0.00095,3,0,0
rho\set03\rho_0.3.py,rho,3,rho,0.3,2,5,5,0.5,0.5,0.3,0.6,1.0,0.5,20.7,40,10,46.0,68.999999,21.433333,1,1,1003,0,heuristic_v4,infeasible,0,,46.0,,0.000546,,over budget: E=46.0000 > B=20.7000,0.000546,0.000689,3,0,0
rho\set03\rho_0.4.py,rho,3,rho,0.4,2,5,5,0.5,0.5,0.4,0.6,1.0,0.5,27.6,40,10,46.0,68.999999,21.433333,1,1,1003,0,heuristic_v4,solved,1,13.577478,27.56222,0.492612,0.0033,,,0.0033,0.003712,3,0,0
rho\set03\rho_0.5.py,rho,3,rho,0.5,2,5,5,0.5,0.5,0.5,0.6,1.0,0.5,34.499999,40,10,46.0,68.999999,21.433333,1,1,1003,0,heuristic_v4,solved,1,39.004954,34.48448,1.131087,0.002942,,,0.002942,0.003353,3,0,0
rho\set03\rho_0.6.py,rho,3,rho,0.6,2,5,5,0.5,0.5,0.6,0.6,1.0,0.5,41.399999,40,10,46.0,68.999999,21.433333,1,1,1003,0,heuristic_v4,solved,1,56.324022,40.894128,1.377313,0.001651,,,0.001651,0.001818,3,0,0
rho\set03\rho_0.7.py,rho,3,rho,0.7,2,5,5,0.5,0.5,0.7,0.6,1.0,0.5,48.299999,40,10,46.0,68.999999,21.433333,1,1,1003,0,heuristic_v4,solved,1,64.658947,48.293011,1.338888,0.001735,,,0.001735,0.001938,3,0,0
rho\set03\rho_0.8.py,rho,3,rho,0.8,2,5,5,0.5,0.5,0.8,0.6,1.0,0.5,55.199999,40,10,46.0,68.999999,21.433333,1,1,1003,0,heuristic_v4,solved,1,65.507858,55.019768,1.190624,0.001657,,,0.001657,0.001837,3,0,0
rho\set03\rho_0.9.py,rho,3,rho,0.9,2,5,5,0.5,0.5,0.9,0.6,1.0,0.5,62.099999,40,10,46.0,68.999999,21.433333,1,1,1003,0,heuristic_v4,solved,1,66.121629,61.992256,1.066611,0.001316,,,0.001316,0.001462,3,0,0
rho\set03\rho_1.py,rho,3,rho,1,2,5,5,0.5,0.5,1.0,0.6,1.0,0.5,68.999999,40,10,46.0,68.999999,21.433333,1,1,1003,0,heuristic_v4,solved,1,66.121629,68.999999,0.958284,0.001065,,,0.001065,0.001204,3,0,0
rho\set04\rho_0.2.py,rho,4,rho,0.2,2,5,5,0.5,0.5,0.2,0.6,1.0,0.5,13.8,40,13,46.000002,69.0,22.042858,1,1,1004,0,heuristic_v4,infeasible,0,,46.000002,,0.000622,,over budget: E=46.0000 > B=13.8000,0.000622,0.000828,3,0,0
rho\set04\rho_0.3.py,rho,4,rho,0.3,2,5,5,0.5,0.5,0.3,0.6,1.0,0.5,20.7,40,13,46.000002,69.0,22.042858,1,1,1004,0,heuristic_v4,infeasible,0,,46.000002,,0.001104,,over budget: E=46.0000 > B=20.7000,0.001104,0.0013,3,0,0
rho\set04\rho_0.4.py,rho,4,rho,0.4,2,5,5,0.5,0.5,0.4,0.6,1.0,0.5,27.6,40,13,46.000002,69.0,22.042858,1,1,1004,0,heuristic_v4,solved,1,10.720374,27.585489,0.388624,0.004712,,,0.004712,0.008575,3,0,0
rho\set04\rho_0.5.py,rho,4,rho,0.5,2,5,5,0.5,0.5,0.5,0.6,1.0,0.5,34.5,40,13,46.000002,69.0,22.042858,1,1,1004,0,heuristic_v4,solved,1,29.775773,34.49241,0.863256,0.003062,,,0.003062,0.003739,3,0,0
rho\set04\rho_0.6.py,rho,4,rho,0.6,2,5,5,0.5,0.5,0.6,0.6,1.0,0.5,41.4,40,13,46.000002,69.0,22.042858,1,1,1004,0,heuristic_v4,solved,1,40.546855,41.379385,0.979881,0.003378,,,0.003378,0.003859,3,0,0
rho\set04\rho_0.7.py,rho,4,rho,0.7,2,5,5,0.5,0.5,0.7,0.6,1.0,0.5,48.3,40,13,46.000002,69.0,22.042858,1,1,1004,0,heuristic_v4,solved,1,52.901529,48.235321,1.096738,0.003055,,,0.003055,0.003161,3,0,0
rho\set04\rho_0.8.py,rho,4,rho,0.8,2,5,5,0.5,0.5,0.8,0.6,1.0,0.5,55.2,40,13,46.000002,69.0,22.042858,1,1,1004,0,heuristic_v4,solved,1,54.907754,54.978989,0.998704,0.002292,,,0.002292,0.002899,3,0,0
rho\set04\rho_0.9.py,rho,4,rho,0.9,2,5,5,0.5,0.5,0.9,0.6,1.0,0.5,62.1,40,13,46.000002,69.0,22.042858,1,1,1004,0,heuristic_v4,solved,1,56.900624,61.709146,0.922078,0.00168,,,0.00168,0.001802,3,0,0
rho\set04\rho_1.py,rho,4,rho,1,2,5,5,0.5,0.5,1.0,0.6,1.0,0.5,69.0,40,13,46.000002,69.0,22.042858,1,1,1004,0,heuristic_v4,solved,1,56.900624,69.0,0.824647,0.001198,,,0.001198,0.001463,3,0,0
rho\set00\rho_0.2.py,rho,0,rho,0.2,2,5,5,0.5,0.5,0.2,0.6,1.0,0.5,13.800001,40,13,46.000002,69.000005,22.042858,1,1,1000,0,heuristic_v5a,infeasible,0,,46.000002,,0.000875,,over budget: E=46.0000 > B=13.8000,0.000875,0.001189,3,0,0
rho\set00\rho_0.3.py,rho,0,rho,0.3,2,5,5,0.5,0.5,0.3,0.6,1.0,0.5,20.700001,40,13,46.000002,69.000005,22.042858,1,1,1000,0,heuristic_v5a,infeasible,0,,46.000002,,0.000776,,over budget: E=46.0000 > B=20.7000,0.000776,0.00088,3,0,0
rho\set00\rho_0.4.py,rho,0,rho,0.4,2,5,5,0.5,0.5,0.4,0.6,1.0,0.5,27.600002,40,13,46.000002,69.000005,22.042858,1,1,1000,0,heuristic_v5a,solved,1,14.836344,27.599696,0.537555,0.004657,,,0.004657,0.004741,3,0,0
rho\set00\rho_0.5.py,rho,0,rho,0.5,2,5,5,0.5,0.5,0.5,0.6,1.0,0.5,34.500002,40,13,46.000002,69.000005,22.042858,1,1,1000,0,heuristic_v5a,solved,1,36.588608,34.405956,1.063438,0.003231,,,0.003231,0.003346,3,0,0
rho\set00\rho_0.6.py,rho,0,rho,0.6,2,5,5,0.5,0.5,0.6,0.6,1.0,0.5,41.400003,40,13,46.000002,69.000005,22.042858,1,1,1000,0,heuristic_v5a,solved,1,51.462131,41.362231,1.244182,0.002858,,,0.002858,0.003126,3,0,0
rho\set00\rho_0.7.py,rho,0,rho,0.7,2,5,5,0.5,0.5,0.7,0.6,1.0,0.5,48.300003,40,13,46.000002,69.000005,22.042858,1,1,1000,0,heuristic_v5a,solved,1,60.294133,47.770172,1.262171,0.002486,,,0.002486,0.002834,3,0,0
rho\set00\rho_0.8.py,rho,0,rho,0.8,2,5,5,0.5,0.5,0.8,0.6,1.0,0.5,55.200004,40,13,46.000002,69.000005,22.042858,1,1,1000,0,heuristic_v5a,solved,1,67.365432,55.057918,1.223538,0.002227,,,0.002227,0.00232,3,0,0
rho\set00\rho_0.9.py,rho,0,rho,0.9,2,5,5,0.5,0.5,0.9,0.6,1.0,0.5,62.100004,40,13,46.000002,69.000005,22.042858,1,1,1000,0,heuristic_v5a,solved,1,67.365432,62.02227,1.086149,0.001629,,,0.001629,0.001717,3,0,0
rho\set00\rho_1.py,rho,0,rho,1,2,5,5,0.5,0.5,1.0,0.6,1.0,0.5,69.000005,40,13,46.000002,69.000005,22.042858,1,1,1000,0,heuristic_v5a,solved,1,67.365432,69.000005,0.976311,0.001299,,,0.001299,0.001703,3,0,0
rho\set01\rho_0.2.py,rho,1,rho,0.2,2,5,5,0.5,0.5,0.2,0.6,1.0,0.5,13.800002,40,13,46.000002,69.00001,21.433334,1,1,1001,0,heuristic_v5a,infeasible,0,,46.000002,,0.000701,,over budget: E=46.0000 > B=13.8000,0.000701,0.000785,3,0,0
rho\set01\rho_0.3.py,rho,1,rho,0.3,2,5,5,0.5,0.5,0.3,0.6,1.0,0.5,20.700003,40,13,46.000002,69.00001,21.433334,1,1,1001,0,heuristic_v5a,infeasible,0,,46.000002,,0.00069,,over budget: E=46.0000 > B=20.7000,0.00069,0.000793,3,0,0
rho\set01\rho_0.4.py,rho,1,rho,0.4,2,5,5,0.5,0.5,0.4,0.6,1.0,0.5,27.600004,40,13,46.000002,69.00001,21.433334,1,1,1001,0,heuristic_v5a,infeasible,0,,30.250001,,0.002031,,over budget: E=30.2500 > B=27.6000,0.002031,0.00213,3,0,0
rho\set01\rho_0.5.py,rho,1,rho,0.5,2,5,5,0.5,0.5,0.5,0.6,1.0,0.5,34.500005,40,13,46.000002,69.00001,21.433334,1,1,1001,0,heuristic_v5a,solved,1,17.565024,34.103934,0.515044,0.003122,,,0.003122,0.004241,3,0,0
rho\set01\rho_0.6.py,rho,1,rho,0.6,2,5,5,0.5,0.5,0.6,0.6,1.0,0.5,41.400006,40,13,46.000002,69.00001,21.433334,1,1,1001,0,heuristic_v5a,solved,1,31.535885,40.967101,0.769786,0.003633,,,0.003633,0.00394,3,0,0
rho\set01\rho_0.7.py,rho,1,rho,0.7,2,5,5,0.5,0.5,0.7,0.6,1.0,0.5,48.300007,40,13,46.000002,69.00001,21.433334,1,1,1001,0,heuristic_v5a,solved,1,39.069917,48.270566,0.809394,0.002744,,,0.002744,0.003078,3,0,0
rho\set01\rho_0.8.py,rho,1,rho,0.8,2,5,5,0.5,0.5,0.8,0.6,1.0,0.5,55.200008,40,13,46.000002,69.00001,21.433334,1,1,1001,0,heuristic_v5a,solved,1,49.535067,54.4992,0.908914,0.00216,,,0.00216,0.002503,3,0,0
rho\set01\rho_0.9.py,rho,1,rho,0.9,2,5,5,0.5,0.5,0.9,0.6,1.0,0.5,62.100009,40,13,46.000002,69.00001,21.433334,1,1,1001,0,heuristic_v5a,solved,1,51.059243,60.773405,0.840158,0.001845,,,0.001845,0.00198,3,0,0
rho\set01\rho_1.py,rho,1,rho,1,2,5,5,0.5,0.5,1.0,0.6,1.0,0.5,69.00001,40,13,46.000002,69.00001,21.433334,1,1,1001,0,heuristic_v5a,solved,1,51.059243,68.740979,0.742777,0.001617,,,0.001617,0.001915,3,0,0
rho\set02\rho_0.2.py,rho,2,rho,0.2,2,5,5,0.5,0.5,0.2,0.6,1.0,0.5,13.8,40,11,46.000001,69.000001,21.400001,1,1,1002,0,heuristic_v5a,infeasible,0,,46.000001,,0.000731,,over budget: E=46.0000 > B=13.8000,0.000731,0.000921,3,0,0
rho\set02\rho_0.3.py,rho,2,rho,0.3,2,5,5,0.5,0.5,0.3,0.6,1.0,0.5,20.7,40,11,46.000001,69.000001,21.400001,1,1,1002,0,heuristic_v5a,infeasible,0,,46.000001,,0.000712,,over budget: E=46.0000 > B=20.7000,0.000712,0.000809,3,0,0
rho\set02\rho_0.4.py,rho,2,rho,0.4,2,5,5,0.5,0.5,0.4,0.6,1.0,0.5,27.6,40,11,46.000001,69.000001,21.400001,1,1,1002,0,heuristic_v5a,solved,1,0.540065,27.517764,0.019626,0.001839,,,0.001839,0.001878,3,0,0
rho\set02\rho_0.5.py,rho,2,rho,0.5,2,5,5,0.5,0.5,0.5,0.6,1.0,0.5,34.500001,40,11,46.000001,69.000001,21.400001,1,1,1002,0,heuristic_v5a,solved,1,22.656801,34.469469,0.657301,0.002744,,,0.002744,0.002779,3,0,0
rho\set02\rho_0.6.py,rho,2,rho,0.6,2,5,5,0.5,0.5,0.6,0.6,1.0,0.5,41.400001,40,11,46.000001,69.000001,21.400001,1,1,1002,0,heuristic_v5a,solved,1,35.522613,40.346049,0.880448,0.001831,,,0.001831,0.002017,3,0,0
rho\set02\rho_0.7.py,rho,2,rho,0.7,2,5,5,0.5,0.5,0.7,0.6,1.0,0.5,48.300001,40,11,46.000001,69.000001,21.400001,1,1,1002,0,heuristic_v5a,solved,1,43.807632,47.509133,0.922089,0.001228,,,0.001228,0.0013,3,0,0
rho\set02\rho_0.8.py,rho,2,rho,0.8,2,5,5,0.5,0.5,0.8,0.6,1.0,0.5,55.200001,40,11,46.000001,69.000001,21.400001,1,1,1002,0,heuristic_v5a,solved,1,51.945995,54.343128,0.955889,0.001301,,,0.001301,0.00151,3,0,0
rho\set02\rho_0.9.py,rho,2,rho,0.9,2,5,5,0.5,0.5,0.9,0.6,1.0,0.5,62.100001,40,11,46.000001,69.000001,21.400001,1,1,1002,0,heuristic_v5a,solved,1,64.899163,60.991916,1.064062,0.001345,,,0.001345,0.001452,3,0,0
rho\set02\rho_1.py,rho,2,rho,1,2,5,5,0.5,0.5,1.0,0.6,1.0,0.5,69.000001,40,11,46.000001,69.000001,21.400001,1,1,1002,0,heuristic_v5a,solved,1,68.404718,67.050306,1.0202,0.001051,,,0.001051,0.001359,3,0,0
rho\set03\rho_0.2.py,rho,3,rho,0.2,2,5,5,0.5,0.5,0.2,0.6,1.0,0.5,13.8,40,10,46.0,68.999999,21.433333,1,1,1003,0,heuristic_v5a,infeasible,0,,46.0,,0.000593,,over budget: E=46.0000 > B=13.8000,0.000593,0.000686,3,0,0
rho\set03\rho_0.3.py,rho,3,rho,0.3,2,5,5,0.5,0.5,0.3,0.6,1.0,0.5,20.7,40,10,46.0,68.999999,21.433333,1,1,1003,0,heuristic_v5a,infeasible,0,,46.0,,0.00058,,over budget: E=46.0000 > B=20.7000,0.00058,0.000633,3,0,0
rho\set03\rho_0.4.py,rho,3,rho,0.4,2,5,5,0.5,0.5,0.4,0.6,1.0,0.5,27.6,40,10,46.0,68.999999,21.433333,1,1,1003,0,heuristic_v5a,solved,1,13.556032,27.523621,0.492524,0.003022,,,0.003022,0.003225,3,0,0
rho\set03\rho_0.5.py,rho,3,rho,0.5,2,5,5,0.5,0.5,0.5,0.6,1.0,0.5,34.499999,40,10,46.0,68.999999,21.433333,1,1,1003,0,heuristic_v5a,solved,1,38.757014,34.46046,1.124681,0.002391,,,0.002391,0.002541,3,0,0
rho\set03\rho_0.6.py,rho,3,rho,0.6,2,5,5,0.5,0.5,0.6,0.6,1.0,0.5,41.399999,40,10,46.0,68.999999,21.433333,1,1,1003,0,heuristic_v5a,solved,1,56.590882,41.197607,1.373645,0.001486,,,0.001486,0.001545,3,0,0
rho\set03\rho_0.7.py,rho,3,rho,0.7,2,5,5,0.5,0.5,0.7,0.6,1.0,0.5,48.299999,40,10,46.0,68.999999,21.433333,1,1,1003,0,heuristic_v5a,solved,1,64.263979,48.094001,1.336216,0.00168,,,0.00168,0.001745,3,0,0
rho\set03\rho_0.8.py,rho,3,rho,0.8,2,5,5,0.5,0.5,0.8,0.6,1.0,0.5,55.199999,40,10,46.0,68.999999,21.433333,1,1,1003,0,heuristic_v5a,solved,1,66.121629,55.178281,1.198327,0.001648,,,0.001648,0.001722,3,0,0
rho\set03\rho_0.9.py,rho,3,rho,0.9,2,5,5,0.5,0.5,0.9,0.6,1.0,0.5,62.099999,40,10,46.0,68.999999,21.433333,1,1,1003,0,heuristic_v5a,solved,1,66.121629,61.992256,1.066611,0.001319,,,0.001319,0.001428,3,0,0
rho\set03\rho_1.py,rho,3,rho,1,2,5,5,0.5,0.5,1.0,0.6,1.0,0.5,68.999999,40,10,46.0,68.999999,21.433333,1,1,1003,0,heuristic_v5a,solved,1,66.121629,68.999999,0.958284,0.001082,,,0.001082,0.001177,3,0,0
rho\set04\rho_0.2.py,rho,4,rho,0.2,2,5,5,0.5,0.5,0.2,0.6,1.0,0.5,13.8,40,13,46.000002,69.0,22.042858,1,1,1004,0,heuristic_v5a,infeasible,0,,46.000002,,0.000763,,over budget: E=46.0000 > B=13.8000,0.000763,0.000869,3,0,0
rho\set04\rho_0.3.py,rho,4,rho,0.3,2,5,5,0.5,0.5,0.3,0.6,1.0,0.5,20.7,40,13,46.000002,69.0,22.042858,1,1,1004,0,heuristic_v5a,infeasible,0,,46.000002,,0.000747,,over budget: E=46.0000 > B=20.7000,0.000747,0.000841,3,0,0
rho\set04\rho_0.4.py,rho,4,rho,0.4,2,5,5,0.5,0.5,0.4,0.6,1.0,0.5,27.6,40,13,46.000002,69.0,22.042858,1,1,1004,0,heuristic_v5a,solved,1,8.527602,27.59143,0.309067,0.005089,,,0.005089,0.005688,3,0,0
rho\set04\rho_0.5.py,rho,4,rho,0.5,2,5,5,0.5,0.5,0.5,0.6,1.0,0.5,34.5,40,13,46.000002,69.0,22.042858,1,1,1004,0,heuristic_v5a,solved,1,26.007232,34.479341,0.754285,0.003806,,,0.003806,0.004407,3,0,0
rho\set04\rho_0.6.py,rho,4,rho,0.6,2,5,5,0.5,0.5,0.6,0.6,1.0,0.5,41.4,40,13,46.000002,69.0,22.042858,1,1,1004,0,heuristic_v5a,solved,1,38.400046,41.339798,0.928888,0.003997,,,0.003997,0.0042,3,0,0
rho\set04\rho_0.7.py,rho,4,rho,0.7,2,5,5,0.5,0.5,0.7,0.6,1.0,0.5,48.3,40,13,46.000002,69.0,22.042858,1,1,1004,0,heuristic_v5a,solved,1,48.593571,48.113555,1.009977,0.003014,,,0.003014,0.003168,3,0,0
rho\set04\rho_0.8.py,rho,4,rho,0.8,2,5,5,0.5,0.5,0.8,0.6,1.0,0.5,55.2,40,13,46.000002,69.0,22.042858,1,1,1004,0,heuristic_v5a,solved,1,55.978206,55.086092,1.016195,0.002416,,,0.002416,0.002878,3,0,0
rho\set04\rho_0.9.py,rho,4,rho,0.9,2,5,5,0.5,0.5,0.9,0.6,1.0,0.5,62.1,40,13,46.000002,69.0,22.042858,1,1,1004,0,heuristic_v5a,solved,1,56.900624,61.709146,0.922078,0.001929,,,0.001929,0.002045,3,0,0
rho\set04\rho_1.py,rho,4,rho,1,2,5,5,0.5,0.5,1.0,0.6,1.0,0.5,69.0,40,13,46.000002,69.0,22.042858,1,1,1004,0,heuristic_v5a,solved,1,56.900624,69.0,0.824647,0.001491,,,0.001491,0.001832,3,0,0
rho\set00\rho_0.2.py,rho,0,rho,0.2,2,5,5,0.5,0.5,0.2,0.6,1.0,0.5,13.800001,40,13,46.000002,69.000005,22.042858,1,1,1000,0,heuristic_v5b,infeasible,0,,46.000002,,0.000675,,over budget: E=46.0000 > B=13.8000,0.000675,0.000829,3,0,0
rho\set00\rho_0.3.py,rho,0,rho,0.3,2,5,5,0.5,0.5,0.3,0.6,1.0,0.5,20.700001,40,13,46.000002,69.000005,22.042858,1,1,1000,0,heuristic_v5b,infeasible,0,,46.000002,,0.000671,,over budget: E=46.0000 > B=20.7000,0.000671,0.000756,3,0,0
rho\set00\rho_0.4.py,rho,0,rho,0.4,2,5,5,0.5,0.5,0.4,0.6,1.0,0.5,27.600002,40,13,46.000002,69.000005,22.042858,1,1,1000,0,heuristic_v5b,solved,1,14.836344,27.599696,0.537555,0.005783,,,0.005783,0.006203,3,0,0
rho\set00\rho_0.5.py,rho,0,rho,0.5,2,5,5,0.5,0.5,0.5,0.6,1.0,0.5,34.500002,40,13,46.000002,69.000005,22.042858,1,1,1000,0,heuristic_v5b,solved,1,36.588608,34.405956,1.063438,0.003799,,,0.003799,0.003898,3,0,0
rho\set00\rho_0.6.py,rho,0,rho,0.6,2,5,5,0.5,0.5,0.6,0.6,1.0,0.5,41.400003,40,13,46.000002,69.000005,22.042858,1,1,1000,0,heuristic_v5b,solved,1,51.462131,41.362231,1.244182,0.003192,,,0.003192,0.004389,3,0,0
rho\set00\rho_0.7.py,rho,0,rho,0.7,2,5,5,0.5,0.5,0.7,0.6,1.0,0.5,48.300003,40,13,46.000002,69.000005,22.042858,1,1,1000,0,heuristic_v5b,solved,1,60.294133,47.770172,1.262171,0.002631,,,0.002631,0.002715,3,0,0
rho\set00\rho_0.8.py,rho,0,rho,0.8,2,5,5,0.5,0.5,0.8,0.6,1.0,0.5,55.200004,40,13,46.000002,69.000005,22.042858,1,1,1000,0,heuristic_v5b,solved,1,67.365432,55.057918,1.223538,0.00221,,,0.00221,0.00234,3,0,0
rho\set00\rho_0.9.py,rho,0,rho,0.9,2,5,5,0.5,0.5,0.9,0.6,1.0,0.5,62.100004,40,13,46.000002,69.000005,22.042858,1,1,1000,0,heuristic_v5b,solved,1,67.365432,62.02227,1.086149,0.001661,,,0.001661,0.001768,3,0,0
rho\set00\rho_1.py,rho,0,rho,1,2,5,5,0.5,0.5,1.0,0.6,1.0,0.5,69.000005,40,13,46.000002,69.000005,22.042858,1,1,1000,0,heuristic_v5b,solved,1,67.365432,69.000005,0.976311,0.001318,,,0.001318,0.001369,3,0,0
rho\set01\rho_0.2.py,rho,1,rho,0.2,2,5,5,0.5,0.5,0.2,0.6,1.0,0.5,13.800002,40,13,46.000002,69.00001,21.433334,1,1,1001,0,heuristic_v5b,infeasible,0,,46.000002,,0.000712,,over budget: E=46.0000 > B=13.8000,0.000712,0.000899,3,0,0
rho\set01\rho_0.3.py,rho,1,rho,0.3,2,5,5,0.5,0.5,0.3,0.6,1.0,0.5,20.700003,40,13,46.000002,69.00001,21.433334,1,1,1001,0,heuristic_v5b,infeasible,0,,46.000002,,0.000701,,over budget: E=46.0000 > B=20.7000,0.000701,0.000886,3,0,0
rho\set01\rho_0.4.py,rho,1,rho,0.4,2,5,5,0.5,0.5,0.4,0.6,1.0,0.5,27.600004,40,13,46.000002,69.00001,21.433334,1,1,1001,0,heuristic_v5b,infeasible,0,,30.250001,,0.002114,,over budget: E=30.2500 > B=27.6000,0.002114,0.002174,3,0,0
rho\set01\rho_0.5.py,rho,1,rho,0.5,2,5,5,0.5,0.5,0.5,0.6,1.0,0.5,34.500005,40,13,46.000002,69.00001,21.433334,1,1,1001,0,heuristic_v5b,solved,1,17.565024,34.103934,0.515044,0.0032,,,0.0032,0.00332,3,0,0
rho\set01\rho_0.6.py,rho,1,rho,0.6,2,5,5,0.5,0.5,0.6,0.6,1.0,0.5,41.400006,40,13,46.000002,69.00001,21.433334,1,1,1001,0,heuristic_v5b,solved,1,31.535885,40.967101,0.769786,0.003831,,,0.003831,0.003882,3,0,0
rho\set01\rho_0.7.py,rho,1,rho,0.7,2,5,5,0.5,0.5,0.7,0.6,1.0,0.5,48.300007,40,13,46.000002,69.00001,21.433334,1,1,1001,0,heuristic_v5b,solved,1,39.069917,48.270566,0.809394,0.002787,,,0.002787,0.002923,3,0,0
rho\set01\rho_0.8.py,rho,1,rho,0.8,2,5,5,0.5,0.5,0.8,0.6,1.0,0.5,55.200008,40,13,46.000002,69.00001,21.433334,1,1,1001,0,heuristic_v5b,solved,1,49.535067,54.4992,0.908914,0.002186,,,0.002186,0.00245,3,0,0
rho\set01\rho_0.9.py,rho,1,rho,0.9,2,5,5,0.5,0.5,0.9,0.6,1.0,0.5,62.100009,40,13,46.000002,69.00001,21.433334,1,1,1001,0,heuristic_v5b,solved,1,51.059243,60.773405,0.840158,0.001988,,,0.001988,0.002051,3,0,0
rho\set01\rho_1.py,rho,1,rho,1,2,5,5,0.5,0.5,1.0,0.6,1.0,0.5,69.00001,40,13,46.000002,69.00001,21.433334,1,1,1001,0,heuristic_v5b,solved,1,51.059243,68.740979,0.742777,0.001643,,,0.001643,0.00182,3,0,0
rho\set02\rho_0.2.py,rho,2,rho,0.2,2,5,5,0.5,0.5,0.2,0.6,1.0,0.5,13.8,40,11,46.000001,69.000001,21.400001,1,1,1002,0,heuristic_v5b,infeasible,0,,46.000001,,0.000693,,over budget: E=46.0000 > B=13.8000,0.000693,0.000791,3,0,0
rho\set02\rho_0.3.py,rho,2,rho,0.3,2,5,5,0.5,0.5,0.3,0.6,1.0,0.5,20.7,40,11,46.000001,69.000001,21.400001,1,1,1002,0,heuristic_v5b,infeasible,0,,46.000001,,0.000706,,over budget: E=46.0000 > B=20.7000,0.000706,0.000869,3,0,0
rho\set02\rho_0.4.py,rho,2,rho,0.4,2,5,5,0.5,0.5,0.4,0.6,1.0,0.5,27.6,40,11,46.000001,69.000001,21.400001,1,1,1002,0,heuristic_v5b,solved,1,0.540065,27.517764,0.019626,0.001906,,,0.001906,0.002001,3,0,0
rho\set02\rho_0.5.py,rho,2,rho,0.5,2,5,5,0.5,0.5,0.5,0.6,1.0,0.5,34.500001,40,11,46.000001,69.000001,21.400001,1,1,1002,0,heuristic_v5b,solved,1,22.656801,34.469469,0.657301,0.002623,,,0.002623,0.003613,3,0,0
rho\set02\rho_0.6.py,rho,2,rho,0.6,2,5,5,0.5,0.5,0.6,0.6,1.0,0.5,41.400001,40,11,46.000001,69.000001,21.400001,1,1,1002,0,heuristic_v5b,solved,1,35.522613,40.346049,0.880448,0.001599,,,0.001599,0.001665,3,0,0
rho\set02\rho_0.7.py,rho,2,rho,0.7,2,5,5,0.5,0.5,0.7,0.6,1.0,0.5,48.300001,40,11,46.000001,69.000001,21.400001,1,1,1002,0,heuristic_v5b,solved,1,43.807632,47.509133,0.922089,0.001293,,,0.001293,0.00179,3,0,0
rho\set02\rho_0.8.py,rho,2,rho,0.8,2,5,5,0.5,0.5,0.8,0.6,1.0,0.5,55.200001,40,11,46.000001,69.000001,21.400001,1,1,1002,0,heuristic_v5b,solved,1,51.945995,54.343128,0.955889,0.001343,,,0.001343,0.00144,3,0,0
rho\set02\rho_0.9.py,rho,2,rho,0.9,2,5,5,0.5,0.5,0.9,0.6,1.0,0.5,62.100001,40,11,46.000001,69.000001,21.400001,1,1,1002,0,heuristic_v5b,solved,1,64.899163,60.991916,1.064062,0.001371,,,0.001371,0.001484,3,0,0
rho\set02\rho_1.py,rho,2,rho,1,2,5,5,0.5,0.5,1.0,0.6,1.0,0.5,69.000001,40,11,46.000001,69.000001,21.400001,1,1,1002,0,heuristic_v5b,solved,1,68.404718,67.050306,1.0202,0.00104,,,0.00104,0.001137,3,0,0
rho\set03\rho_0.2.py,rho,3,rho,0.2,2,5,5,0.5,0.5,0.2,0.6,1.0,0.5,13.8,40,10,46.0,68.999999,21.433333,1,1,1003,0,heuristic_v5b,infeasible,0,,46.0,,0.000597,,over budget: E=46.0000 > B=13.8000,0.000597,0.000815,3,0,0
rho\set03\rho_0.3.py,rho,3,rho,0.3,2,5,5,0.5,0.5,0.3,0.6,1.0,0.5,20.7,40,10,46.0,68.999999,21.433333,1,1,1003,0,heuristic_v5b,infeasible,0,,46.0,,0.000585,,over budget: E=46.0000 > B=20.7000,0.000585,0.000711,3,0,0
rho\set03\rho_0.4.py,rho,3,rho,0.4,2,5,5,0.5,0.5,0.4,0.6,1.0,0.5,27.6,40,10,46.0,68.999999,21.433333,1,1,1003,0,heuristic_v5b,solved,1,13.556032,27.523621,0.492524,0.002906,,,0.002906,0.003049,3,0,0
rho\set03\rho_0.5.py,rho,3,rho,0.5,2,5,5,0.5,0.5,0.5,0.6,1.0,0.5,34.499999,40,10,46.0,68.999999,21.433333,1,1,1003,0,heuristic_v5b,solved,1,38.757014,34.46046,1.124681,0.002756,,,0.002756,0.003233,3,0,0
rho\set03\rho_0.6.py,rho,3,rho,0.6,2,5,5,0.5,0.5,0.6,0.6,1.0,0.5,41.399999,40,10,46.0,68.999999,21.433333,1,1,1003,0,heuristic_v5b,solved,1,56.590882,41.197607,1.373645,0.001515,,,0.001515,0.001671,3,0,0
rho\set03\rho_0.7.py,rho,3,rho,0.7,2,5,5,0.5,0.5,0.7,0.6,1.0,0.5,48.299999,40,10,46.0,68.999999,21.433333,1,1,1003,0,heuristic_v5b,solved,1,64.263979,48.094001,1.336216,0.001675,,,0.001675,0.001765,3,0,0
rho\set03\rho_0.8.py,rho,3,rho,0.8,2,5,5,0.5,0.5,0.8,0.6,1.0,0.5,55.199999,40,10,46.0,68.999999,21.433333,1,1,1003,0,heuristic_v5b,solved,1,66.121629,55.178281,1.198327,0.001685,,,0.001685,0.001804,3,0,0
rho\set03\rho_0.9.py,rho,3,rho,0.9,2,5,5,0.5,0.5,0.9,0.6,1.0,0.5,62.099999,40,10,46.0,68.999999,21.433333,1,1,1003,0,heuristic_v5b,solved,1,66.121629,61.992256,1.066611,0.00137,,,0.00137,0.001458,3,0,0
rho\set03\rho_1.py,rho,3,rho,1,2,5,5,0.5,0.5,1.0,0.6,1.0,0.5,68.999999,40,10,46.0,68.999999,21.433333,1,1,1003,0,heuristic_v5b,solved,1,66.121629,68.999999,0.958284,0.001135,,,0.001135,0.001264,3,0,0
rho\set04\rho_0.2.py,rho,4,rho,0.2,2,5,5,0.5,0.5,0.2,0.6,1.0,0.5,13.8,40,13,46.000002,69.0,22.042858,1,1,1004,0,heuristic_v5b,infeasible,0,,46.000002,,0.000852,,over budget: E=46.0000 > B=13.8000,0.000852,0.000914,3,0,0
rho\set04\rho_0.3.py,rho,4,rho,0.3,2,5,5,0.5,0.5,0.3,0.6,1.0,0.5,20.7,40,13,46.000002,69.0,22.042858,1,1,1004,0,heuristic_v5b,infeasible,0,,46.000002,,0.000809,,over budget: E=46.0000 > B=20.7000,0.000809,0.000913,3,0,0
rho\set04\rho_0.4.py,rho,4,rho,0.4,2,5,5,0.5,0.5,0.4,0.6,1.0,0.5,27.6,40,13,46.000002,69.0,22.042858,1,1,1004,0,heuristic_v5b,solved,1,8.527602,27.59143,0.309067,0.005553,,,0.005553,0.005759,3,0,0
rho\set04\rho_0.5.py,rho,4,rho,0.5,2,5,5,0.5,0.5,0.5,0.6,1.0,0.5,34.5,40,13,46.000002,69.0,22.042858,1,1,1004,0,heuristic_v5b,solved,1,26.007232,34.479341,0.754285,0.004172,,,0.004172,0.00431,3,0,0
rho\set04\rho_0.6.py,rho,4,rho,0.6,2,5,5,0.5,0.5,0.6,0.6,1.0,0.5,41.4,40,13,46.000002,69.0,22.042858,1,1,1004,0,heuristic_v5b,solved,1,39.322464,41.386978,0.950117,0.004517,,,0.004517,0.004705,3,0,0
rho\set04\rho_0.7.py,rho,4,rho,0.7,2,5,5,0.5,0.5,0.7,0.6,1.0,0.5,48.3,40,13,46.000002,69.0,22.042858,1,1,1004,0,heuristic_v5b,solved,1,48.593571,48.113555,1.009977,0.003264,,,0.003264,0.003446,3,0,0
rho\set04\rho_0.8.py,rho,4,rho,0.8,2,5,5,0.5,0.5,0.8,0.6,1.0,0.5,55.2,40,13,46.000002,69.0,22.042858,1,1,1004,0,heuristic_v5b,solved,1,55.978206,55.086092,1.016195,0.002362,,,0.002362,0.002476,3,0,0
rho\set04\rho_0.9.py,rho,4,rho,0.9,2,5,5,0.5,0.5,0.9,0.6,1.0,0.5,62.1,40,13,46.000002,69.0,22.042858,1,1,1004,0,heuristic_v5b,solved,1,56.900624,61.709146,0.922078,0.002087,,,0.002087,0.003349,3,0,0
rho\set04\rho_1.py,rho,4,rho,1,2,5,5,0.5,0.5,1.0,0.6,1.0,0.5,69.0,40,13,46.000002,69.0,22.042858,1,1,1004,0,heuristic_v5b,solved,1,56.900624,69.0,0.824647,0.001495,,,0.001495,0.001593,3,0,0
rho\set00\rho_0.2.py,rho,0,rho,0.2,2,5,5,0.5,0.5,0.2,0.6,1.0,0.5,13.800001,40,13,46.000002,69.000005,22.042858,1,1,1000,0,heuristic_v6,infeasible,0,,46.000002,,0.000656,,over budget: E=46.0000 > B=13.8000,0.000656,0.000772,3,0,0
rho\set00\rho_0.3.py,rho,0,rho,0.3,2,5,5,0.5,0.5,0.3,0.6,1.0,0.5,20.700001,40,13,46.000002,69.000005,22.042858,1,1,1000,0,heuristic_v6,infeasible,0,,46.000002,,0.000653,,over budget: E=46.0000 > B=20.7000,0.000653,0.000758,3,0,0
rho\set00\rho_0.4.py,rho,0,rho,0.4,2,5,5,0.5,0.5,0.4,0.6,1.0,0.5,27.600002,40,13,46.000002,69.000005,22.042858,1,1,1000,0,heuristic_v6,solved,1,19.19965,27.531021,0.697382,0.210205,,,0.210205,0.229043,3,0,0
rho\set00\rho_0.5.py,rho,0,rho,0.5,2,5,5,0.5,0.5,0.5,0.6,1.0,0.5,34.500002,40,13,46.000002,69.000005,22.042858,1,1,1000,0,heuristic_v6,solved,1,38.787359,34.247017,1.132576,0.112465,,,0.112465,0.113248,3,0,0
rho\set00\rho_0.6.py,rho,0,rho,0.6,2,5,5,0.5,0.5,0.6,0.6,1.0,0.5,41.400003,40,13,46.000002,69.000005,22.042858,1,1,1000,0,heuristic_v6,solved,1,53.662367,41.307245,1.299103,0.0864,,,0.0864,0.087139,3,0,0
rho\set00\rho_0.7.py,rho,0,rho,0.7,2,5,5,0.5,0.5,0.7,0.6,1.0,0.5,48.300003,40,13,46.000002,69.000005,22.042858,1,1,1000,0,heuristic_v6,solved,1,67.365432,47.602778,1.415158,0.063006,,,0.063006,0.067975,3,0,0
rho\set00\rho_0.8.py,rho,0,rho,0.8,2,5,5,0.5,0.5,0.8,0.6,1.0,0.5,55.200004,40,13,46.000002,69.000005,22.042858,1,1,1000,0,heuristic_v6,solved,1,67.365432,55.057918,1.223538,0.025984,,,0.025984,0.02741,3,0,0
rho\set00\rho_0.9.py,rho,0,rho,0.9,2,5,5,0.5,0.5,0.9,0.6,1.0,0.5,62.100004,40,13,46.000002,69.000005,22.042858,1,1,1000,0,heuristic_v6,solved,1,67.365432,62.02227,1.086149,0.018628,,,0.018628,0.01936,3,0,0
rho\set00\rho_1.py,rho,0,rho,1,2,5,5,0.5,0.5,1.0,0.6,1.0,0.5,69.000005,40,13,46.000002,69.000005,22.042858,1,1,1000,0,heuristic_v6,solved,1,67.365432,69.000005,0.976311,0.010635,,,0.010635,0.011319,3,0,0
rho\set01\rho_0.2.py,rho,1,rho,0.2,2,5,5,0.5,0.5,0.2,0.6,1.0,0.5,13.800002,40,13,46.000002,69.00001,21.433334,1,1,1001,0,heuristic_v6,infeasible,0,,46.000002,,0.000669,,over budget: E=46.0000 > B=13.8000,0.000669,0.000784,3,0,0
rho\set01\rho_0.3.py,rho,1,rho,0.3,2,5,5,0.5,0.5,0.3,0.6,1.0,0.5,20.700003,40,13,46.000002,69.00001,21.433334,1,1,1001,0,heuristic_v6,infeasible,0,,46.000002,,0.000719,,over budget: E=46.0000 > B=20.7000,0.000719,0.000851,3,0,0
rho\set01\rho_0.4.py,rho,1,rho,0.4,2,5,5,0.5,0.5,0.4,0.6,1.0,0.5,27.600004,40,13,46.000002,69.00001,21.433334,1,1,1001,0,heuristic_v6,infeasible,0,,30.250001,,0.007186,,over budget: E=30.2500 > B=27.6000,0.007186,0.007361,3,0,0
rho\set01\rho_0.5.py,rho,1,rho,0.5,2,5,5,0.5,0.5,0.5,0.6,1.0,0.5,34.500005,40,13,46.000002,69.00001,21.433334,1,1,1001,0,heuristic_v6,solved,1,18.467607,34.136383,0.540995,0.132743,,,0.132743,0.135897,3,0,0
rho\set01\rho_0.6.py,rho,1,rho,0.6,2,5,5,0.5,0.5,0.6,0.6,1.0,0.5,41.400006,40,13,46.000002,69.00001,21.433334,1,1,1001,0,heuristic_v6,solved,1,32.292925,41.39012,0.780209,0.138103,,,0.138103,0.156848,3,0,0
rho\set01\rho_0.7.py,rho,1,rho,0.7,2,5,5,0.5,0.5,0.7,0.6,1.0,0.5,48.300007,40,13,46.000002,69.00001,21.433334,1,1,1001,0,heuristic_v6,solved,1,44.924209,48.237359,0.931316,0.075374,,,0.075374,0.090308,3,0,0
rho\set01\rho_0.8.py,rho,1,rho,0.8,2,5,5,0.5,0.5,0.8,0.6,1.0,0.5,55.200008,40,13,46.000002,69.00001,21.433334,1,1,1001,0,heuristic_v6,solved,1,51.059243,54.294056,0.94042,0.061485,,,0.061485,0.072981,3,0,0
rho\set01\rho_0.9.py,rho,1,rho,0.9,2,5,5,0.5,0.5,0.9,0.6,1.0,0.5,62.100009,40,13,46.000002,69.00001,21.433334,1,1,1001,0,heuristic_v6,solved,1,51.059243,60.773405,0.840158,0.028664,,,0.028664,0.031309,3,0,0
rho\set01\rho_1.py,rho,1,rho,1,2,5,5,0.5,0.5,1.0,0.6,1.0,0.5,69.00001,40,13,46.000002,69.00001,21.433334,1,1,1001,0,heuristic_v6,solved,1,51.059243,68.740979,0.742777,0.015416,,,0.015416,0.01621,3,0,0
rho\set02\rho_0.2.py,rho,2,rho,0.2,2,5,5,0.5,0.5,0.2,0.6,1.0,0.5,13.8,40,11,46.000001,69.000001,21.400001,1,1,1002,0,heuristic_v6,infeasible,0,,46.000001,,0.000595,,over budget: E=46.0000 > B=13.8000,0.000595,0.000711,3,0,0
rho\set02\rho_0.3.py,rho,2,rho,0.3,2,5,5,0.5,0.5,0.3,0.6,1.0,0.5,20.7,40,11,46.000001,69.000001,21.400001,1,1,1002,0,heuristic_v6,infeasible,0,,46.000001,,0.00059,,over budget: E=46.0000 > B=20.7000,0.00059,0.000694,3,0,0
rho\set02\rho_0.4.py,rho,2,rho,0.4,2,5,5,0.5,0.5,0.4,0.6,1.0,0.5,27.6,40,11,46.000001,69.000001,21.400001,1,1,1002,0,heuristic_v6,solved,1,23.236059,27.436406,0.846906,0.045072,,,0.045072,0.053332,3,0,0
rho\set02\rho_0.5.py,rho,2,rho,0.5,2,5,5,0.5,0.5,0.5,0.6,1.0,0.5,34.500001,40,11,46.000001,69.000001,21.400001,1,1,1002,0,heuristic_v6,solved,1,45.77997,34.34481,1.332952,0.021395,,,0.021395,0.02399,3,0,0
rho\set02\rho_0.6.py,rho,2,rho,0.6,2,5,5,0.5,0.5,0.6,0.6,1.0,0.5,41.400001,40,11,46.000001,69.000001,21.400001,1,1,1002,0,heuristic_v6,solved,1,56.814833,41.316588,1.37511,0.015603,,,0.015603,0.016037,3,0,0
rho\set02\rho_0.7.py,rho,2,rho,0.7,2,5,5,0.5,0.5,0.7,0.6,1.0,0.5,48.300001,40,11,46.000001,69.000001,21.400001,1,1,1002,0,heuristic_v6,solved,1,68.404718,46.110381,1.483499,0.023576,,,0.023576,0.026535,3,0,0
rho\set02\rho_0.8.py,rho,2,rho,0.8,2,5,5,0.5,0.5,0.8,0.6,1.0,0.5,55.200001,40,11,46.000001,69.000001,21.400001,1,1,1002,0,heuristic_v6,solved,1,70.586681,53.17538,1.327432,0.011353,,,0.011353,0.011993,3,0,0
rho\set02\rho_0.9.py,rho,2,rho,0.9,2,5,5,0.5,0.5,0.9,0.6,1.0,0.5,62.100001,40,11,46.000001,69.000001,21.400001,1,1,1002,0,heuristic_v6,solved,1,70.586681,61.48508,1.148029,0.008588,,,0.008588,0.010268,3,0,0
rho\set02\rho_1.py,rho,2,rho,1,2,5,5,0.5,0.5,1.0,0.6,1.0,0.5,69.000001,40,11,46.000001,69.000001,21.400001,1,1,1002,0,heuristic_v6,solved,1,70.586681,68.983081,1.023246,0.006077,,,0.006077,0.00692,3,0,0
rho\set03\rho_0.2.py,rho,3,rho,0.2,2,5,5,0.5,0.5,0.2,0.6,1.0,0.5,13.8,40,10,46.0,68.999999,21.433333,1,1,1003,0,heuristic_v6,infeasible,0,,46.0,,0.000622,,over budget: E=46.0000 > B=13.8000,0.000622,0.000734,3,0,0
rho\set03\rho_0.3.py,rho,3,rho,0.3,2,5,5,0.5,0.5,0.3,0.6,1.0,0.5,20.7,40,10,46.0,68.999999,21.433333,1,1,1003,0,heuristic_v6,infeasible,0,,46.0,,0.000572,,over budget: E=46.0000 > B=20.7000,0.000572,0.000692,3,0,0
rho\set03\rho_0.4.py,rho,3,rho,0.4,2,5,5,0.5,0.5,0.4,0.6,1.0,0.5,27.6,40,10,46.0,68.999999,21.433333,1,1,1003,0,heuristic_v6,solved,1,20.942522,27.581788,0.759288,0.057126,,,0.057126,0.063796,3,0,0
rho\set03\rho_0.5.py,rho,3,rho,0.5,2,5,5,0.5,0.5,0.5,0.6,1.0,0.5,34.499999,40,10,46.0,68.999999,21.433333,1,1,1003,0,heuristic_v6,solved,1,41.185626,34.476823,1.194589,0.041507,,,0.041507,0.043432,3,0,0
rho\set03\rho_0.6.py,rho,3,rho,0.6,2,5,5,0.5,0.5,0.6,0.6,1.0,0.5,41.399999,40,10,46.0,68.999999,21.433333,1,1,1003,0,heuristic_v6,solved,1,56.590882,41.197607,1.373645,0.031321,,,0.031321,0.03511,3,0,0
rho\set03\rho_0.7.py,rho,3,rho,0.7,2,5,5,0.5,0.5,0.7,0.6,1.0,0.5,48.299999,40,10,46.0,68.999999,21.433333,1,1,1003,0,heuristic_v6,solved,1,65.507858,47.90385,1.367486,0.034096,,,0.034096,0.035098,3,0,0
rho\set03\rho_0.8.py,rho,3,rho,0.8,2,5,5,0.5,0.5,0.8,0.6,1.0,0.5,55.199999,40,10,46.0,68.999999,21.433333,1,1,1003,0,heuristic_v6,solved,1,66.121629,51.981238,1.272029,0.022185,,,0.022185,0.024183,3,0,0
rho\set03\rho_0.9.py,rho,3,rho,0.9,2,5,5,0.5,0.5,0.9,0.6,1.0,0.5,62.099999,40,10,46.0,68.999999,21.433333,1,1,1003,0,heuristic_v6,solved,1,66.121629,61.992256,1.066611,0.010813,,,0.010813,0.011385,3,0,0
rho\set03\rho_1.py,rho,3,rho,1,2,5,5,0.5,0.5,1.0,0.6,1.0,0.5,68.999999,40,10,46.0,68.999999,21.433333,1,1,1003,0,heuristic_v6,solved,1,66.121629,68.999999,0.958284,0.008161,,,0.008161,0.00848,3,0,0
rho\set04\rho_0.2.py,rho,4,rho,0.2,2,5,5,0.5,0.5,0.2,0.6,1.0,0.5,13.8,40,13,46.000002,69.0,22.042858,1,1,1004,0,heuristic_v6,infeasible,0,,46.000002,,0.000661,,over budget: E=46.0000 > B=13.8000,0.000661,0.000783,3,0,0
rho\set04\rho_0.3.py,rho,4,rho,0.3,2,5,5,0.5,0.5,0.3,0.6,1.0,0.5,20.7,40,13,46.000002,69.0,22.042858,1,1,1004,0,heuristic_v6,infeasible,0,,46.000002,,0.000659,,over budget: E=46.0000 > B=20.7000,0.000659,0.000801,3,0,0
rho\set04\rho_0.4.py,rho,4,rho,0.4,2,5,5,0.5,0.5,0.4,0.6,1.0,0.5,27.6,40,13,46.000002,69.0,22.042858,1,1,1004,0,heuristic_v6,solved,1,14.872663,27.590129,0.539057,0.125971,,,0.125971,0.130919,3,0,0
rho\set04\rho_0.5.py,rho,4,rho,0.5,2,5,5,0.5,0.5,0.5,0.6,1.0,0.5,34.5,40,13,46.000002,69.0,22.042858,1,1,1004,0,heuristic_v6,solved,1,32.236457,34.490436,0.934649,0.102202,,,0.102202,0.106694,3,0,0
rho\set04\rho_0.6.py,rho,4,rho,0.6,2,5,5,0.5,0.5,0.6,0.6,1.0,0.5,41.4,40,13,46.000002,69.0,22.042858,1,1,1004,0,heuristic_v6,solved,1,49.09473,41.305987,1.188562,0.079344,,,0.079344,0.088357,3,0,0
rho\set04\rho_0.7.py,rho,4,rho,0.7,2,5,5,0.5,0.5,0.7,0.6,1.0,0.5,48.3,40,13,46.000002,69.0,22.042858,1,1,1004,0,heuristic_v6,solved,1,55.042981,48.021177,1.146223,0.064726,,,0.064726,0.067441,3,0,0
rho\set04\rho_0.8.py,rho,4,rho,0.8,2,5,5,0.5,0.5,0.8,0.6,1.0,0.5,55.2,40,13,46.000002,69.0,22.042858,1,1,1004,0,heuristic_v6,solved,1,55.978206,52.899673,1.058196,0.031524,,,0.031524,0.032522,3,0,0
rho\set04\rho_0.9.py,rho,4,rho,0.9,2,5,5,0.5,0.5,0.9,0.6,1.0,0.5,62.1,40,13,46.000002,69.0,22.042858,1,1,1004,0,heuristic_v6,solved,1,56.900624,61.709146,0.922078,0.020362,,,0.020362,0.021571,3,0,0
rho\set04\rho_1.py,rho,4,rho,1,2,5,5,0.5,0.5,1.0,0.6,1.0,0.5,69.0,40,13,46.000002,69.0,22.042858,1,1,1004,0,heuristic_v6,solved,1,56.900624,69.0,0.824647,0.012968,,,0.012968,0.017503,3,0,0
rho\set00\rho_0.2.py,rho,0,rho,0.2,2,5,5,0.5,0.5,0.2,0.6,1.0,0.5,13.800001,40,13,46.000002,69.000005,22.042858,1,1,1000,0,heuristic_v7,infeasible,0,,46.000002,,0.001209,,over budget: E=46.0000 > B=13.8000,0.001209,0.001359,3,0,0
rho\set00\rho_0.3.py,rho,0,rho,0.3,2,5,5,0.5,0.5,0.3,0.6,1.0,0.5,20.700001,40,13,46.000002,69.000005,22.042858,1,1,1000,0,heuristic_v7,infeasible,0,,46.000002,,0.001247,,over budget: E=46.0000 > B=20.7000,0.001247,0.00132,3,0,0
rho\set00\rho_0.4.py,rho,0,rho,0.4,2,5,5,0.5,0.5,0.4,0.6,1.0,0.5,27.600002,40,13,46.000002,69.000005,22.042858,1,1,1000,0,heuristic_v7,solved,1,15.522822,27.41204,0.566278,0.100062,,,0.100062,0.101587,3,0,0
rho\set00\rho_0.5.py,rho,0,rho,0.5,2,5,5,0.5,0.5,0.5,0.6,1.0,0.5,34.500002,40,13,46.000002,69.000005,22.042858,1,1,1000,0,heuristic_v7,solved,1,38.658643,33.777725,1.144501,0.047222,,,0.047222,0.052124,3,0,0
rho\set00\rho_0.6.py,rho,0,rho,0.6,2,5,5,0.5,0.5,0.6,0.6,1.0,0.5,41.400003,40,13,46.000002,69.000005,22.042858,1,1,1000,0,heuristic_v7,solved,1,51.62339,41.396615,1.247044,0.042021,,,0.042021,0.047698,3,0,0
rho\set00\rho_0.7.py,rho,0,rho,0.7,2,5,5,0.5,0.5,0.7,0.6,1.0,0.5,48.300003,40,13,46.000002,69.000005,22.042858,1,1,1000,0,heuristic_v7,solved,1,62.96496,48.296842,1.303708,0.024456,,,0.024456,0.025266,3,0,0
rho\set00\rho_0.8.py,rho,0,rho,0.8,2,5,5,0.5,0.5,0.8,0.6,1.0,0.5,55.200004,40,13,46.000002,69.000005,22.042858,1,1,1000,0,heuristic_v7,solved,1,67.365432,55.057918,1.223538,0.015146,,,0.015146,0.022032,3,0,0
rho\set00\rho_0.9.py,rho,0,rho,0.9,2,5,5,0.5,0.5,0.9,0.6,1.0,0.5,62.100004,40,13,46.000002,69.000005,22.042858,1,1,1000,0,heuristic_v7,solved,1,67.365432,62.02227,1.086149,0.012443,,,0.012443,0.013178,3,0,0
rho\set00\rho_1.py,rho,0,rho,1,2,5,5,0.5,0.5,1.0,0.6,1.0,0.5,69.000005,40,13,46.000002,69.000005,22.042858,1,1,1000,0,heuristic_v7,solved,1,67.365432,69.000005,0.976311,0.008959,,,0.008959,0.009361,3,0,0
rho\set01\rho_0.2.py,rho,1,rho,0.2,2,5,5,0.5,0.5,0.2,0.6,1.0,0.5,13.800002,40,13,46.000002,69.00001,21.433334,1,1,1001,0,heuristic_v7,infeasible,0,,46.000002,,0.00125,,over budget: E=46.0000 > B=13.8000,0.00125,0.001382,3,0,0
rho\set01\rho_0.3.py,rho,1,rho,0.3,2,5,5,0.5,0.5,0.3,0.6,1.0,0.5,20.700003,40,13,46.000002,69.00001,21.433334,1,1,1001,0,heuristic_v7,infeasible,0,,46.000002,,0.001213,,over budget: E=46.0000 > B=20.7000,0.001213,0.001393,3,0,0
rho\set01\rho_0.4.py,rho,1,rho,0.4,2,5,5,0.5,0.5,0.4,0.6,1.0,0.5,27.600004,40,13,46.000002,69.00001,21.433334,1,1,1001,0,heuristic_v7,infeasible,0,,30.250001,,0.018441,,over budget: E=30.2500 > B=27.6000,0.018441,0.019271,3,0,0
rho\set01\rho_0.5.py,rho,1,rho,0.5,2,5,5,0.5,0.5,0.5,0.6,1.0,0.5,34.500005,40,13,46.000002,69.00001,21.433334,1,1,1001,0,heuristic_v7,solved,1,17.920091,34.470727,0.519864,0.046623,,,0.046623,0.053856,3,0,0
rho\set01\rho_0.6.py,rho,1,rho,0.6,2,5,5,0.5,0.5,0.6,0.6,1.0,0.5,41.400006,40,13,46.000002,69.00001,21.433334,1,1,1001,0,heuristic_v7,solved,1,31.535885,40.967101,0.769786,0.049647,,,0.049647,0.052435,3,0,0
rho\set01\rho_0.7.py,rho,1,rho,0.7,2,5,5,0.5,0.5,0.7,0.6,1.0,0.5,48.300007,40,13,46.000002,69.00001,21.433334,1,1,1001,0,heuristic_v7,solved,1,43.629795,48.284373,0.903601,0.048481,,,0.048481,0.05012,3,0,0
rho\set01\rho_0.8.py,rho,1,rho,0.8,2,5,5,0.5,0.5,0.8,0.6,1.0,0.5,55.200008,40,13,46.000002,69.00001,21.433334,1,1,1001,0,heuristic_v7,solved,1,50.634528,54.835838,0.923384,0.022145,,,0.022145,0.024256,3,0,0
rho\set01\rho_0.9.py,rho,1,rho,0.9,2,5,5,0.5,0.5,0.9,0.6,1.0,0.5,62.100009,40,13,46.000002,69.00001,21.433334,1,1,1001,0,heuristic_v7,solved,1,51.059243,60.773405,0.840158,0.015148,,,0.015148,0.015374,3,0,0
rho\set01\rho_1.py,rho,1,rho,1,2,5,5,0.5,0.5,1.0,0.6,1.0,0.5,69.00001,40,13,46.000002,69.00001,21.433334,1,1,1001,0,heuristic_v7,solved,1,51.059243,68.740979,0.742777,0.010294,,,0.010294,0.01192,3,0,0
rho\set02\rho_0.2.py,rho,2,rho,0.2,2,5,5,0.5,0.5,0.2,0.6,1.0,0.5,13.8,40,11,46.000001,69.000001,21.400001,1,1,1002,0,heuristic_v7,infeasible,0,,46.000001,,0.000995,,over budget: E=46.0000 > B=13.8000,0.000995,0.001173,3,0,0
rho\set02\rho_0.3.py,rho,2,rho,0.3,2,5,5,0.5,0.5,0.3,0.6,1.0,0.5,20.7,40,11,46.000001,69.000001,21.400001,1,1,1002,0,heuristic_v7,infeasible,0,,46.000001,,0.000986,,over budget: E=46.0000 > B=20.7000,0.000986,0.001043,3,0,0
rho\set02\rho_0.4.py,rho,2,rho,0.4,2,5,5,0.5,0.5,0.4,0.6,1.0,0.5,27.6,40,11,46.000001,69.000001,21.400001,1,1,1002,0,heuristic_v7,solved,1,21.033213,27.557,0.763262,0.020354,,,0.020354,0.036224,3,0,0
rho\set02\rho_0.5.py,rho,2,rho,0.5,2,5,5,0.5,0.5,0.5,0.6,1.0,0.5,34.500001,40,11,46.000001,69.000001,21.400001,1,1,1002,0,heuristic_v7,solved,1,45.77997,34.34481,1.332952,0.017608,,,0.017608,0.018777,3,0,0
rho\set02\rho_0.6.py,rho,2,rho,0.6,2,5,5,0.5,0.5,0.6,0.6,1.0,0.5,41.400001,40,11,46.000001,69.000001,21.400001,1,1,1002,0,heuristic_v7,solved,1,61.053184,40.989997,1.489465,0.015499,,,0.015499,0.016769,3,0,0
rho\set02\rho_0.7.py,rho,2,rho,0.7,2,5,5,0.5,0.5,0.7,0.6,1.0,0.5,48.300001,40,11,46.000001,69.000001,21.400001,1,1,1002,0,heuristic_v7,solved,1,68.404718,46.110381,1.483499,0.011206,,,0.011206,0.011978,3,0,0
rho\set02\rho_0.8.py,rho,2,rho,0.8,2,5,5,0.5,0.5,0.8,0.6,1.0,0.5,55.200001,40,11,46.000001,69.000001,21.400001,1,1,1002,0,heuristic_v7,solved,1,70.586681,54.840952,1.287116,0.007106,,,0.007106,0.007572,3,0,0
rho\set02\rho_0.9.py,rho,2,rho,0.9,2,5,5,0.5,0.5,0.9,0.6,1.0,0.5,62.100001,40,11,46.000001,69.000001,21.400001,1,1,1002,0,heuristic_v7,solved,1,70.586681,61.48508,1.148029,0.006313,,,0.006313,0.006539,3,0,0
rho\set02\rho_1.py,rho,2,rho,1,2,5,5,0.5,0.5,1.0,0.6,1.0,0.5,69.000001,40,11,46.000001,69.000001,21.400001,1,1,1002,0,heuristic_v7,solved,1,70.586681,68.983081,1.023246,0.005024,,,0.005024,0.005303,3,0,0
rho\set03\rho_0.2.py,rho,3,rho,0.2,2,5,5,0.5,0.5,0.2,0.6,1.0,0.5,13.8,40,10,46.0,68.999999,21.433333,1,1,1003,0,heuristic_v7,infeasible,0,,46.0,,0.001089,,over budget: E=46.0000 > B=13.8000,0.001089,0.001299,3,0,0
rho\set03\rho_0.3.py,rho,3,rho,0.3,2,5,5,0.5,0.5,0.3,0.6,1.0,0.5,20.7,40,10,46.0,68.999999,21.433333,1,1,1003,0,heuristic_v7,infeasible,0,,46.0,,0.001044,,over budget: E=46.0000 > B=20.7000,0.001044,0.001163,3,0,0
rho\set03\rho_0.4.py,rho,3,rho,0.4,2,5,5,0.5,0.5,0.4,0.6,1.0,0.5,27.6,40,10,46.0,68.999999,21.433333,1,1,1003,0,heuristic_v7,solved,1,20.942522,27.582546,0.759267,0.029666,,,0.029666,0.031235,3,0,0
rho\set03\rho_0.5.py,rho,3,rho,0.5,2,5,5,0.5,0.5,0.5,0.6,1.0,0.5,34.499999,40,10,46.0,68.999999,21.433333,1,1,1003,0,heuristic_v7,solved,1,39.004954,34.48448,1.131087,0.024728,,,0.024728,0.026078,3,0,0
rho\set03\rho_0.6.py,rho,3,rho,0.6,2,5,5,0.5,0.5,0.6,0.6,1.0,0.5,41.399999,40,10,46.0,68.999999,21.433333,1,1,1003,0,heuristic_v7,solved,1,59.622397,40.820368,1.460604,0.014235,,,0.014235,0.015017,3,0,0
rho\set03\rho_0.7.py,rho,3,rho,0.7,2,5,5,0.5,0.5,0.7,0.6,1.0,0.5,48.299999,40,10,46.0,68.999999,21.433333,1,1,1003,0,heuristic_v7,solved,1,65.507858,47.90385,1.367486,0.015424,,,0.015424,0.015899,3,0,0
rho\set03\rho_0.8.py,rho,3,rho,0.8,2,5,5,0.5,0.5,0.8,0.6,1.0,0.5,55.199999,40,10,46.0,68.999999,21.433333,1,1,1003,0,heuristic_v7,solved,1,66.121629,55.178281,1.198327,0.008914,,,0.008914,0.00912,3,0,0
rho\set03\rho_0.9.py,rho,3,rho,0.9,2,5,5,0.5,0.5,0.9,0.6,1.0,0.5,62.099999,40,10,46.0,68.999999,21.433333,1,1,1003,0,heuristic_v7,solved,1,66.121629,61.992256,1.066611,0.006595,,,0.006595,0.00694,3,0,0
rho\set03\rho_1.py,rho,3,rho,1,2,5,5,0.5,0.5,1.0,0.6,1.0,0.5,68.999999,40,10,46.0,68.999999,21.433333,1,1,1003,0,heuristic_v7,solved,1,66.121629,68.999999,0.958284,0.004713,,,0.004713,0.004839,3,0,0
rho\set04\rho_0.2.py,rho,4,rho,0.2,2,5,5,0.5,0.5,0.2,0.6,1.0,0.5,13.8,40,13,46.000002,69.0,22.042858,1,1,1004,0,heuristic_v7,infeasible,0,,46.000002,,0.001196,,over budget: E=46.0000 > B=13.8000,0.001196,0.001289,3,0,0
rho\set04\rho_0.3.py,rho,4,rho,0.3,2,5,5,0.5,0.5,0.3,0.6,1.0,0.5,20.7,40,13,46.000002,69.0,22.042858,1,1,1004,0,heuristic_v7,infeasible,0,,46.000002,,0.001203,,over budget: E=46.0000 > B=20.7000,0.001203,0.001291,3,0,0
rho\set04\rho_0.4.py,rho,4,rho,0.4,2,5,5,0.5,0.5,0.4,0.6,1.0,0.5,27.6,40,13,46.000002,69.0,22.042858,1,1,1004,0,heuristic_v7,solved,1,13.268116,27.596198,0.480795,0.063361,,,0.063361,0.066823,3,0,0
rho\set04\rho_0.5.py,rho,4,rho,0.5,2,5,5,0.5,0.5,0.5,0.6,1.0,0.5,34.5,40,13,46.000002,69.0,22.042858,1,1,1004,0,heuristic_v7,solved,1,32.065192,34.453788,0.930672,0.06558,,,0.06558,0.076536,3,0,0
rho\set04\rho_0.6.py,rho,4,rho,0.6,2,5,5,0.5,0.5,0.6,0.6,1.0,0.5,41.4,40,13,46.000002,69.0,22.042858,1,1,1004,0,heuristic_v7,solved,1,49.09473,41.305987,1.188562,0.051874,,,0.051874,0.052174,3,0,0
rho\set04\rho_0.7.py,rho,4,rho,0.7,2,5,5,0.5,0.5,0.7,0.6,1.0,0.5,48.3,40,13,46.000002,69.0,22.042858,1,1,1004,0,heuristic_v7,solved,1,52.901529,48.235321,1.096738,0.025241,,,0.025241,0.026657,3,0,0
rho\set04\rho_0.8.py,rho,4,rho,0.8,2,5,5,0.5,0.5,0.8,0.6,1.0,0.5,55.2,40,13,46.000002,69.0,22.042858,1,1,1004,0,heuristic_v7,solved,1,56.900624,55.137183,1.031983,0.020044,,,0.020044,0.02973,3,0,0
rho\set04\rho_0.9.py,rho,4,rho,0.9,2,5,5,0.5,0.5,0.9,0.6,1.0,0.5,62.1,40,13,46.000002,69.0,22.042858,1,1,1004,0,heuristic_v7,solved,1,56.900624,61.709146,0.922078,0.014502,,,0.014502,0.014985,3,0,0
rho\set04\rho_1.py,rho,4,rho,1,2,5,5,0.5,0.5,1.0,0.6,1.0,0.5,69.0,40,13,46.000002,69.0,22.042858,1,1,1004,0,heuristic_v7,solved,1,56.900624,69.0,0.824647,0.01162,,,0.01162,0.012438,3,0,0
rho\set00\rho_0.2.py,rho,0,rho,0.2,2,5,5,0.5,0.5,0.2,0.6,1.0,0.5,13.800001,40,13,46.000002,69.000005,22.042858,1,1,1000,0,heuristic_claudeoptimal,infeasible,0,,46.000002,,0.000608,,over budget: E=46.0000 > B=13.8000,0.000608,0.00076,3,0,0
rho\set00\rho_0.3.py,rho,0,rho,0.3,2,5,5,0.5,0.5,0.3,0.6,1.0,0.5,20.700001,40,13,46.000002,69.000005,22.042858,1,1,1000,0,heuristic_claudeoptimal,infeasible,0,,46.000002,,0.000589,,over budget: E=46.0000 > B=20.7000,0.000589,0.000708,3,0,0
rho\set00\rho_0.4.py,rho,0,rho,0.4,2,5,5,0.5,0.5,0.4,0.6,1.0,0.5,27.600002,40,13,46.000002,69.000005,22.042858,1,1,1000,0,heuristic_claudeoptimal,solved,1,15.522822,27.521586,0.564024,0.028924,,,0.028924,0.037606,3,0,0
rho\set00\rho_0.5.py,rho,0,rho,0.5,2,5,5,0.5,0.5,0.5,0.6,1.0,0.5,34.500002,40,13,46.000002,69.000005,22.042858,1,1,1000,0,heuristic_claudeoptimal,solved,1,37.335986,34.398103,1.085408,0.02065,,,0.02065,0.021666,3,0,0
rho\set00\rho_0.6.py,rho,0,rho,0.6,2,5,5,0.5,0.5,0.6,0.6,1.0,0.5,41.400003,40,13,46.000002,69.000005,22.042858,1,1,1000,0,heuristic_claudeoptimal,solved,1,51.462131,41.362231,1.244182,0.014789,,,0.014789,0.016989,3,0,0
rho\set00\rho_0.7.py,rho,0,rho,0.7,2,5,5,0.5,0.5,0.7,0.6,1.0,0.5,48.300003,40,13,46.000002,69.000005,22.042858,1,1,1000,0,heuristic_claudeoptimal,solved,1,61.204256,47.921683,1.277173,0.006614,,,0.006614,0.00702,3,0,0
rho\set00\rho_0.8.py,rho,0,rho,0.8,2,5,5,0.5,0.5,0.8,0.6,1.0,0.5,55.200004,40,13,46.000002,69.000005,22.042858,1,1,1000,0,heuristic_claudeoptimal,solved,1,67.365432,55.057918,1.223538,0.004648,,,0.004648,0.004792,3,0,0
rho\set00\rho_0.9.py,rho,0,rho,0.9,2,5,5,0.5,0.5,0.9,0.6,1.0,0.5,62.100004,40,13,46.000002,69.000005,22.042858,1,1,1000,0,heuristic_claudeoptimal,solved,1,67.365432,62.02227,1.086149,0.003991,,,0.003991,0.004183,3,0,0
rho\set00\rho_1.py,rho,0,rho,1,2,5,5,0.5,0.5,1.0,0.6,1.0,0.5,69.000005,40,13,46.000002,69.000005,22.042858,1,1,1000,0,heuristic_claudeoptimal,solved,1,67.365432,69.000005,0.976311,0.003381,,,0.003381,0.003668,3,0,0
rho\set01\rho_0.2.py,rho,1,rho,0.2,2,5,5,0.5,0.5,0.2,0.6,1.0,0.5,13.800002,40,13,46.000002,69.00001,21.433334,1,1,1001,0,heuristic_claudeoptimal,infeasible,0,,46.000002,,0.000571,,over budget: E=46.0000 > B=13.8000,0.000571,0.000701,3,0,0
rho\set01\rho_0.3.py,rho,1,rho,0.3,2,5,5,0.5,0.5,0.3,0.6,1.0,0.5,20.700003,40,13,46.000002,69.00001,21.433334,1,1,1001,0,heuristic_claudeoptimal,infeasible,0,,46.000002,,0.000552,,over budget: E=46.0000 > B=20.7000,0.000552,0.000653,3,0,0
rho\set01\rho_0.4.py,rho,1,rho,0.4,2,5,5,0.5,0.5,0.4,0.6,1.0,0.5,27.600004,40,13,46.000002,69.00001,21.433334,1,1,1001,0,heuristic_claudeoptimal,infeasible,0,,30.250001,,0.00214,,over budget: E=30.2500 > B=27.6000,0.00214,0.00227,3,0,0
rho\set01\rho_0.5.py,rho,1,rho,0.5,2,5,5,0.5,0.5,0.5,0.6,1.0,0.5,34.500005,40,13,46.000002,69.00001,21.433334,1,1,1001,0,heuristic_claudeoptimal,solved,1,16.268589,34.149675,0.476391,0.016608,,,0.016608,0.019921,3,0,0
rho\set01\rho_0.6.py,rho,1,rho,0.6,2,5,5,0.5,0.5,0.6,0.6,1.0,0.5,41.400006,40,13,46.000002,69.00001,21.433334,1,1,1001,0,heuristic_claudeoptimal,solved,1,30.006157,41.361714,0.725457,0.022012,,,0.022012,0.031768,3,0,0
rho\set01\rho_0.7.py,rho,1,rho,0.7,2,5,5,0.5,0.5,0.7,0.6,1.0,0.5,48.300007,40,13,46.000002,69.00001,21.433334,1,1,1001,0,heuristic_claudeoptimal,solved,1,39.877901,48.170893,0.827842,0.009405,,,0.009405,0.009501,3,0,0
rho\set01\rho_0.8.py,rho,1,rho,0.8,2,5,5,0.5,0.5,0.8,0.6,1.0,0.5,55.200008,40,13,46.000002,69.00001,21.433334,1,1,1001,0,heuristic_claudeoptimal,solved,1,50.634528,54.835838,0.923384,0.00699,,,0.00699,0.007046,3,0,0
rho\set01\rho_0.9.py,rho,1,rho,0.9,2,5,5,0.5,0.5,0.9,0.6,1.0,0.5,62.100009,40,13,46.000002,69.00001,21.433334,1,1,1001,0,heuristic_claudeoptimal,solved,1,51.059243,60.773405,0.840158,0.004064,,,0.004064,0.004808,3,0,0
rho\set01\rho_1.py,rho,1,rho,1,2,5,5,0.5,0.5,1.0,0.6,1.0,0.5,69.00001,40,13,46.000002,69.00001,21.433334,1,1,1001,0,heuristic_claudeoptimal,solved,1,51.059243,68.740979,0.742777,0.00377,,,0.00377,0.004618,3,0,0
rho\set02\rho_0.2.py,rho,2,rho,0.2,2,5,5,0.5,0.5,0.2,0.6,1.0,0.5,13.8,40,11,46.000001,69.000001,21.400001,1,1,1002,0,heuristic_claudeoptimal,infeasible,0,,46.000001,,0.000539,,over budget: E=46.0000 > B=13.8000,0.000539,0.000628,3,0,0
rho\set02\rho_0.3.py,rho,2,rho,0.3,2,5,5,0.5,0.5,0.3,0.6,1.0,0.5,20.7,40,11,46.000001,69.000001,21.400001,1,1,1002,0,heuristic_claudeoptimal,infeasible,0,,46.000001,,0.000528,,over budget: E=46.0000 > B=20.7000,0.000528,0.000608,3,0,0
rho\set02\rho_0.4.py,rho,2,rho,0.4,2,5,5,0.5,0.5,0.4,0.6,1.0,0.5,27.6,40,11,46.000001,69.000001,21.400001,1,1,1002,0,heuristic_claudeoptimal,solved,1,21.033213,27.557,0.763262,0.005259,,,0.005259,0.005593,3,0,0
rho\set02\rho_0.5.py,rho,2,rho,0.5,2,5,5,0.5,0.5,0.5,0.6,1.0,0.5,34.500001,40,11,46.000001,69.000001,21.400001,1,1,1002,0,heuristic_claudeoptimal,solved,1,45.77997,34.34481,1.332952,0.004008,,,0.004008,0.004404,3,0,0
rho\set02\rho_0.6.py,rho,2,rho,0.6,2,5,5,0.5,0.5,0.6,0.6,1.0,0.5,41.400001,40,11,46.000001,69.000001,21.400001,1,1,1002,0,heuristic_claudeoptimal,solved,1,56.814833,41.316588,1.37511,0.002907,,,0.002907,0.003105,3,0,0
rho\set02\rho_0.7.py,rho,2,rho,0.7,2,5,5,0.5,0.5,0.7,0.6,1.0,0.5,48.300001,40,11,46.000001,69.000001,21.400001,1,1,1002,0,heuristic_claudeoptimal,solved,1,65.644495,48.017426,1.367097,0.002781,,,0.002781,0.002892,3,0,0
rho\set02\rho_0.8.py,rho,2,rho,0.8,2,5,5,0.5,0.5,0.8,0.6,1.0,0.5,55.200001,40,11,46.000001,69.000001,21.400001,1,1,1002,0,heuristic_claudeoptimal,solved,1,70.586681,54.840952,1.287116,0.002487,,,0.002487,0.002975,3,0,0
rho\set02\rho_0.9.py,rho,2,rho,0.9,2,5,5,0.5,0.5,0.9,0.6,1.0,0.5,62.100001,40,11,46.000001,69.000001,21.400001,1,1,1002,0,heuristic_claudeoptimal,solved,1,70.586681,61.48508,1.148029,0.002083,,,0.002083,0.002398,3,0,0
rho\set02\rho_1.py,rho,2,rho,1,2,5,5,0.5,0.5,1.0,0.6,1.0,0.5,69.000001,40,11,46.000001,69.000001,21.400001,1,1,1002,0,heuristic_claudeoptimal,solved,1,70.586681,68.983081,1.023246,0.002021,,,0.002021,0.003102,3,0,0
rho\set03\rho_0.2.py,rho,3,rho,0.2,2,5,5,0.5,0.5,0.2,0.6,1.0,0.5,13.8,40,10,46.0,68.999999,21.433333,1,1,1003,0,heuristic_claudeoptimal,infeasible,0,,46.0,,0.000495,,over budget: E=46.0000 > B=13.8000,0.000495,0.000583,3,0,0
rho\set03\rho_0.3.py,rho,3,rho,0.3,2,5,5,0.5,0.5,0.3,0.6,1.0,0.5,20.7,40,10,46.0,68.999999,21.433333,1,1,1003,0,heuristic_claudeoptimal,infeasible,0,,46.0,,0.000452,,over budget: E=46.0000 > B=20.7000,0.000452,0.000563,3,0,0
rho\set03\rho_0.4.py,rho,3,rho,0.4,2,5,5,0.5,0.5,0.4,0.6,1.0,0.5,27.6,40,10,46.0,68.999999,21.433333,1,1,1003,0,heuristic_claudeoptimal,solved,1,13.577478,27.56222,0.492612,0.007176,,,0.007176,0.007582,3,0,0
rho\set03\rho_0.5.py,rho,3,rho,0.5,2,5,5,0.5,0.5,0.5,0.6,1.0,0.5,34.499999,40,10,46.0,68.999999,21.433333,1,1,1003,0,heuristic_claudeoptimal,solved,1,39.004954,34.48448,1.131087,0.007646,,,0.007646,0.008965,3,0,0
rho\set03\rho_0.6.py,rho,3,rho,0.6,2,5,5,0.5,0.5,0.6,0.6,1.0,0.5,41.399999,40,10,46.0,68.999999,21.433333,1,1,1003,0,heuristic_claudeoptimal,solved,1,56.585495,41.100962,1.376744,0.006952,,,0.006952,0.007441,3,0,0
rho\set03\rho_0.7.py,rho,3,rho,0.7,2,5,5,0.5,0.5,0.7,0.6,1.0,0.5,48.299999,40,10,46.0,68.999999,21.433333,1,1,1003,0,heuristic_claudeoptimal,solved,1,64.875848,48.285199,1.343597,0.008202,,,0.008202,0.008488,3,0,0
rho\set03\rho_0.8.py,rho,3,rho,0.8,2,5,5,0.5,0.5,0.8,0.6,1.0,0.5,55.199999,40,10,46.0,68.999999,21.433333,1,1,1003,0,heuristic_claudeoptimal,solved,1,65.652181,55.040513,1.192797,0.004318,,,0.004318,0.004513,3,0,0
rho\set03\rho_0.9.py,rho,3,rho,0.9,2,5,5,0.5,0.5,0.9,0.6,1.0,0.5,62.099999,40,10,46.0,68.999999,21.433333,1,1,1003,0,heuristic_claudeoptimal,solved,1,66.121629,61.992256,1.066611,0.002763,,,0.002763,0.002885,3,0,0
rho\set03\rho_1.py,rho,3,rho,1,2,5,5,0.5,0.5,1.0,0.6,1.0,0.5,68.999999,40,10,46.0,68.999999,21.433333,1,1,1003,0,heuristic_claudeoptimal,solved,1,66.121629,68.999999,0.958284,0.002514,,,0.002514,0.002647,3,0,0
rho\set04\rho_0.2.py,rho,4,rho,0.2,2,5,5,0.5,0.5,0.2,0.6,1.0,0.5,13.8,40,13,46.000002,69.0,22.042858,1,1,1004,0,heuristic_claudeoptimal,infeasible,0,,46.000002,,0.000666,,over budget: E=46.0000 > B=13.8000,0.000666,0.000771,3,0,0
rho\set04\rho_0.3.py,rho,4,rho,0.3,2,5,5,0.5,0.5,0.3,0.6,1.0,0.5,20.7,40,13,46.000002,69.0,22.042858,1,1,1004,0,heuristic_claudeoptimal,infeasible,0,,46.000002,,0.000644,,over budget: E=46.0000 > B=20.7000,0.000644,0.000764,3,0,0
rho\set04\rho_0.4.py,rho,4,rho,0.4,2,5,5,0.5,0.5,0.4,0.6,1.0,0.5,27.6,40,13,46.000002,69.0,22.042858,1,1,1004,0,heuristic_claudeoptimal,solved,1,11.829864,27.592604,0.428733,0.038934,,,0.038934,0.039634,3,0,0
rho\set04\rho_0.5.py,rho,4,rho,0.5,2,5,5,0.5,0.5,0.5,0.6,1.0,0.5,34.5,40,13,46.000002,69.0,22.042858,1,1,1004,0,heuristic_claudeoptimal,solved,1,32.25987,34.499352,0.935086,0.022401,,,0.022401,0.023124,3,0,0
rho\set04\rho_0.6.py,rho,4,rho,0.6,2,5,5,0.5,0.5,0.6,0.6,1.0,0.5,41.4,40,13,46.000002,69.0,22.042858,1,1,1004,0,heuristic_claudeoptimal,solved,1,42.404498,41.383591,1.024669,0.01058,,,0.01058,0.011683,3,0,0
rho\set04\rho_0.7.py,rho,4,rho,0.7,2,5,5,0.5,0.5,0.7,0.6,1.0,0.5,48.3,40,13,46.000002,69.0,22.042858,1,1,1004,0,heuristic_claudeoptimal,solved,1,52.901529,48.235321,1.096738,0.010813,,,0.010813,0.011248,3,0,0
rho\set04\rho_0.8.py,rho,4,rho,0.8,2,5,5,0.5,0.5,0.8,0.6,1.0,0.5,55.2,40,13,46.000002,69.0,22.042858,1,1,1004,0,heuristic_claudeoptimal,solved,1,55.978206,52.135968,1.073696,0.005073,,,0.005073,0.005428,3,0,0
rho\set04\rho_0.9.py,rho,4,rho,0.9,2,5,5,0.5,0.5,0.9,0.6,1.0,0.5,62.1,40,13,46.000002,69.0,22.042858,1,1,1004,0,heuristic_claudeoptimal,solved,1,56.900624,61.709146,0.922078,0.003512,,,0.003512,0.004143,3,0,0
rho\set04\rho_1.py,rho,4,rho,1,2,5,5,0.5,0.5,1.0,0.6,1.0,0.5,69.0,40,13,46.000002,69.0,22.042858,1,1,1004,0,heuristic_claudeoptimal,solved,1,56.900624,69.0,0.824647,0.003129,,,0.003129,0.003217,3,0,0
