file,sweep,set,factor,value,n_prc,n_tsk,n_frq,u_mand_factor,u_opt_factor,rho,xi,U_M,U_O,B,H,J,e_mand_fmax,e_full_fmax,e_mand_min,feasible,donate_ok,seed,redraws
n_frq\set00\n_frq_2.py,n_frq,0,n_frq,2,2,8,2,0.5,0.5,0.7,0.6,1.0,0.5,96.600008,80,27,92.000005,138.000011,48.800002,1,1,1000,0
n_frq\set00\n_frq_3.py,n_frq,0,n_frq,3,2,8,3,0.5,0.5,0.7,0.6,1.0,0.5,96.600008,80,27,92.000005,138.000011,48.800002,1,1,1000,0
n_frq\set00\n_frq_5.py,n_frq,0,n_frq,5,2,8,5,0.5,0.5,0.7,0.6,1.0,0.5,96.600007,80,29,91.999999,138.00001,44.085714,1,1,1000,0
n_frq\set00\n_frq_8.py,n_frq,0,n_frq,8,2,8,8,0.5,0.5,0.7,0.6,1.0,0.5,96.600006,80,28,92.000003,138.000009,44.085716,1,1,1000,0
n_frq\set00\n_frq_12.py,n_frq,0,n_frq,12,2,8,12,0.5,0.5,0.7,0.6,1.0,0.5,96.599998,80,26,92.0,137.999998,42.866667,1,1,1000,0
n_frq\set01\n_frq_2.py,n_frq,1,n_frq,2,2,8,2,0.5,0.5,0.7,0.6,1.0,0.5,96.600002,80,29,92.000001,138.000003,47.200001,1,1,1001,0
n_frq\set01\n_frq_3.py,n_frq,1,n_frq,3,2,8,3,0.5,0.5,0.7,0.6,1.0,0.5,96.600002,80,29,92.000001,138.000003,47.200001,1,1,1001,0
n_frq\set01\n_frq_5.py,n_frq,1,n_frq,5,2,8,5,0.5,0.5,0.7,0.6,1.0,0.5,96.600004,80,23,92.000007,138.000006,42.86667,1,1,1001,0
n_frq\set01\n_frq_8.py,n_frq,1,n_frq,8,2,8,8,0.5,0.5,0.7,0.6,1.0,0.5,96.599999,80,30,91.999998,137.999999,42.799999,1,1,1001,0
n_frq\set01\n_frq_12.py,n_frq,1,n_frq,12,2,8,12,0.5,0.5,0.7,0.6,1.0,0.5,96.599996,80,36,92.0,137.999994,42.8,1,1,1001,0
n_frq\set02\n_frq_2.py,n_frq,2,n_frq,2,2,8,2,0.5,0.5,0.7,0.6,1.0,0.5,96.599999,80,29,92.000002,137.999999,56.342859,1,1,1002,0
n_frq\set02\n_frq_3.py,n_frq,2,n_frq,3,2,8,3,0.5,0.5,0.7,0.6,1.0,0.5,96.600002,80,26,91.999995,138.000002,48.799998,1,1,1002,0
n_frq\set02\n_frq_5.py,n_frq,2,n_frq,5,2,8,5,0.5,0.5,0.7,0.6,1.0,0.5,96.599995,80,30,91.999999,137.999993,42.799999,1,1,1002,0
n_frq\set02\n_frq_8.py,n_frq,2,n_frq,8,2,8,8,0.5,0.5,0.7,0.6,1.0,0.5,96.599998,80,36,92.000003,137.999997,42.800002,1,1,1002,0
n_frq\set02\n_frq_12.py,n_frq,2,n_frq,12,2,8,12,0.5,0.5,0.7,0.6,1.0,0.5,96.600005,80,39,92.000002,138.000007,42.800001,1,1,1002,0
n_frq\set03\n_frq_2.py,n_frq,3,n_frq,2,2,8,2,0.5,0.5,0.7,0.6,1.0,0.5,96.599998,80,22,91.999999,137.999998,52.261538,1,1,1003,0
n_frq\set03\n_frq_3.py,n_frq,3,n_frq,3,2,8,3,0.5,0.5,0.7,0.6,1.0,0.5,96.599999,80,19,92.000003,137.999999,46.018184,1,1,1003,0
n_frq\set03\n_frq_5.py,n_frq,3,n_frq,5,2,8,5,0.5,0.5,0.7,0.6,1.0,0.5,96.6,80,27,92.000005,138.0,42.866669,1,1,1003,0
n_frq\set03\n_frq_8.py,n_frq,3,n_frq,8,2,8,8,0.5,0.5,0.7,0.6,1.0,0.5,96.600012,80,34,92.000007,138.000017,42.86667,1,1,1003,0
n_frq\set03\n_frq_12.py,n_frq,3,n_frq,12,2,8,12,0.5,0.5,0.7,0.6,1.0,0.5,96.600014,80,28,92.000009,138.00002,42.800004,1,1,1003,0
n_frq\set04\n_frq_2.py,n_frq,4,n_frq,2,2,8,2,0.5,0.5,0.7,0.6,1.0,0.5,96.6,80,33,92.000002,138.0,44.085715,1,1,1004,0
n_frq\set04\n_frq_3.py,n_frq,4,n_frq,3,2,8,3,0.5,0.5,0.7,0.6,1.0,0.5,96.6,80,33,92.000002,138.0,44.085715,1,1,1004,0
n_frq\set04\n_frq_5.py,n_frq,4,n_frq,5,2,8,5,0.5,0.5,0.7,0.6,1.0,0.5,96.6,80,33,92.000002,138.0,44.085715,1,1,1004,0
n_frq\set04\n_frq_8.py,n_frq,4,n_frq,8,2,8,8,0.5,0.5,0.7,0.6,1.0,0.5,96.599998,80,37,91.999998,137.999998,42.866666,1,1,1004,0
n_frq\set04\n_frq_12.py,n_frq,4,n_frq,12,2,8,12,0.5,0.5,0.7,0.6,1.0,0.5,96.600007,80,39,92.000007,138.00001,42.800003,1,1,1004,0
n_frq\set05\n_frq_2.py,n_frq,5,n_frq,2,2,8,2,0.5,0.5,0.7,0.6,1.0,0.5,96.600007,80,24,91.999998,138.00001,52.261537,1,1,1005,0
n_frq\set05\n_frq_3.py,n_frq,5,n_frq,3,2,8,3,0.5,0.5,0.7,0.6,1.0,0.5,96.600001,80,24,92.000001,138.000001,48.800001,1,1,1005,0
n_frq\set05\n_frq_5.py,n_frq,5,n_frq,5,2,8,5,0.5,0.5,0.7,0.6,1.0,0.5,96.600003,80,30,92.000001,138.000005,48.800001,1,1,1005,0
n_frq\set05\n_frq_8.py,n_frq,5,n_frq,8,2,8,8,0.5,0.5,0.7,0.6,1.0,0.5,96.600009,80,28,92.000001,138.000013,44.000001,1,1,1005,0
n_frq\set05\n_frq_12.py,n_frq,5,n_frq,12,2,8,12,0.5,0.5,0.7,0.6,1.0,0.5,96.599994,80,31,91.999993,137.999992,42.866663,1,1,1005,0
n_frq\set06\n_frq_2.py,n_frq,6,n_frq,2,2,8,2,0.5,0.5,0.7,0.6,1.0,0.5,96.599997,80,30,92.0,137.999995,47.2,1,1,1006,0
n_frq\set06\n_frq_3.py,n_frq,6,n_frq,3,2,8,3,0.5,0.5,0.7,0.6,1.0,0.5,96.599992,80,37,92.000002,137.999989,42.866668,1,1,1006,0
n_frq\set06\n_frq_5.py,n_frq,6,n_frq,5,2,8,5,0.5,0.5,0.7,0.6,1.0,0.5,96.599995,80,31,91.999998,137.999993,42.866666,1,1,1006,0
n_frq\set06\n_frq_8.py,n_frq,6,n_frq,8,2,8,8,0.5,0.5,0.7,0.6,1.0,0.5,96.599994,80,30,91.999998,137.999992,42.866666,1,1,1006,0
n_frq\set06\n_frq_12.py,n_frq,6,n_frq,12,2,8,12,0.5,0.5,0.7,0.6,1.0,0.5,96.59999,80,34,92.000002,137.999986,42.800001,1,1,1006,0
n_frq\set07\n_frq_2.py,n_frq,7,n_frq,2,2,8,2,0.5,0.5,0.7,0.6,1.0,0.5,96.599992,80,33,92.0,137.999989,47.2,1,1,1007,0
n_frq\set07\n_frq_3.py,n_frq,7,n_frq,3,2,8,3,0.5,0.5,0.7,0.6,1.0,0.5,96.599992,80,33,92.0,137.999989,47.2,1,1,1007,0
n_frq\set07\n_frq_5.py,n_frq,7,n_frq,5,2,8,5,0.5,0.5,0.7,0.6,1.0,0.5,96.6,80,35,91.999999,138.0,42.799999,1,1,1007,0
n_frq\set07\n_frq_8.py,n_frq,7,n_frq,8,2,8,8,0.5,0.5,0.7,0.6,1.0,0.5,96.600001,80,30,92.000006,138.000001,42.800003,1,1,1007,0
n_frq\set07\n_frq_12.py,n_frq,7,n_frq,12,2,8,12,0.5,0.5,0.7,0.6,1.0,0.5,96.599993,80,34,91.999994,137.99999,42.799997,1,1,1007,0
n_frq\set08\n_frq_2.py,n_frq,8,n_frq,2,2,8,2,0.5,0.5,0.7,0.6,1.0,0.5,96.600007,80,43,91.999998,138.00001,52.261537,1,1,1008,0
n_frq\set08\n_frq_3.py,n_frq,8,n_frq,3,2,8,3,0.5,0.5,0.7,0.6,1.0,0.5,96.599994,80,43,92.000005,137.999992,46.018184,1,1,1008,0
n_frq\set08\n_frq_5.py,n_frq,8,n_frq,5,2,8,5,0.5,0.5,0.7,0.6,1.0,0.5,96.600002,80,37,91.999995,138.000003,44.085712,1,1,1008,0
n_frq\set08\n_frq_8.py,n_frq,8,n_frq,8,2,8,8,0.5,0.5,0.7,0.6,1.0,0.5,96.599997,80,31,91.999993,137.999995,42.799997,1,1,1008,0
n_frq\set08\n_frq_12.py,n_frq,8,n_frq,12,2,8,12,0.5,0.5,0.7,0.6,1.0,0.5,96.600003,80,32,92.0,138.000005,42.8,1,1,1008,0
n_frq\set09\n_frq_2.py,n_frq,9,n_frq,2,2,8,2,0.5,0.5,0.7,0.6,1.0,0.5,96.599998,80,32,92.000002,137.999997,47.200001,1,1,1009,0
n_frq\set09\n_frq_3.py,n_frq,9,n_frq,3,2,8,3,0.5,0.5,0.7,0.6,1.0,0.5,96.599997,80,28,92.000001,137.999995,42.800001,1,1,1009,0
n_frq\set09\n_frq_5.py,n_frq,9,n_frq,5,2,8,5,0.5,0.5,0.7,0.6,1.0,0.5,96.599997,80,29,91.999999,137.999995,42.799999,1,1,1009,0
n_frq\set09\n_frq_8.py,n_frq,9,n_frq,8,2,8,8,0.5,0.5,0.7,0.6,1.0,0.5,96.600008,80,37,92.000001,138.000011,42.800001,1,1,1009,0
n_frq\set09\n_frq_12.py,n_frq,9,n_frq,12,2,8,12,0.5,0.5,0.7,0.6,1.0,0.5,96.599996,80,32,91.999999,137.999994,42.799999,1,1,1009,0
n_frq\set10\n_frq_2.py,n_frq,10,n_frq,2,2,8,2,0.5,0.5,0.7,0.6,1.0,0.5,96.600001,80,26,91.999997,138.000001,60.999998,1,1,1010,0
n_frq\set10\n_frq_3.py,n_frq,10,n_frq,3,2,8,3,0.5,0.5,0.7,0.6,1.0,0.5,96.600007,80,22,92.000001,138.00001,42.866667,1,1,1010,0
n_frq\set10\n_frq_5.py,n_frq,10,n_frq,5,2,8,5,0.5,0.5,0.7,0.6,1.0,0.5,96.600004,80,25,92.0,138.000006,42.866667,1,1,1010,0
n_frq\set10\n_frq_8.py,n_frq,10,n_frq,8,2,8,8,0.5,0.5,0.7,0.6,1.0,0.5,96.599994,80,32,92.000002,137.999991,42.866668,1,1,1010,0
n_frq\set10\n_frq_12.py,n_frq,10,n_frq,12,2,8,12,0.5,0.5,0.7,0.6,1.0,0.5,96.6,80,24,91.999999,138.0,42.866666,1,1,1010,0
n_frq\set11\n_frq_2.py,n_frq,11,n_frq,2,2,8,2,0.5,0.5,0.7,0.6,1.0,0.5,96.600002,80,22,92.000002,138.000002,44.000001,1,1,1011,0
n_frq\set11\n_frq_3.py,n_frq,11,n_frq,3,2,8,3,0.5,0.5,0.7,0.6,1.0,0.5,96.600002,80,22,92.000001,138.000003,44.000001,1,1,1011,0
n_frq\set11\n_frq_5.py,n_frq,11,n_frq,5,2,8,5,0.5,0.5,0.7,0.6,1.0,0.5,96.599995,80,23,91.999994,137.999993,42.799997,1,1,1011,0
n_frq\set11\n_frq_8.py,n_frq,11,n_frq,8,2,8,8,0.5,0.5,0.7,0.6,1.0,0.5,96.600002,80,30,92.000001,138.000002,42.800001,1,1,1011,0
n_frq\set11\n_frq_12.py,n_frq,11,n_frq,12,2,8,12,0.5,0.5,0.7,0.6,1.0,0.5,96.599997,80,28,92.000002,137.999995,42.800001,1,1,1011,0
n_frq\set12\n_frq_2.py,n_frq,12,n_frq,2,2,8,2,0.5,0.5,0.7,0.6,1.0,0.5,96.600002,80,30,92.000002,138.000003,42.800001,1,1,1012,0
n_frq\set12\n_frq_3.py,n_frq,12,n_frq,3,2,8,3,0.5,0.5,0.7,0.6,1.0,0.5,96.600002,80,31,91.999998,138.000002,42.799999,1,1,1012,0
n_frq\set12\n_frq_5.py,n_frq,12,n_frq,5,2,8,5,0.5,0.5,0.7,0.6,1.0,0.5,96.600005,80,24,91.999998,138.000007,42.799999,1,1,1012,0
n_frq\set12\n_frq_8.py,n_frq,12,n_frq,8,2,8,8,0.5,0.5,0.7,0.6,1.0,0.5,96.600004,80,25,92.000006,138.000006,42.800003,1,1,1012,0
n_frq\set12\n_frq_12.py,n_frq,12,n_frq,12,2,8,12,0.5,0.5,0.7,0.6,1.0,0.5,96.599999,80,26,91.999995,137.999999,42.799998,1,1,1012,0
n_frq\set13\n_frq_2.py,n_frq,13,n_frq,2,2,8,2,0.5,0.5,0.7,0.6,1.0,0.5,96.599983,80,36,91.999995,137.999976,52.261536,1,1,1013,0
n_frq\set13\n_frq_3.py,n_frq,13,n_frq,3,2,8,3,0.5,0.5,0.7,0.6,1.0,0.5,96.599983,80,36,91.999995,137.999976,52.261536,1,1,1013,0
n_frq\set13\n_frq_5.py,n_frq,13,n_frq,5,2,8,5,0.5,0.5,0.7,0.6,1.0,0.5,96.600001,80,29,91.999998,138.000001,42.799999,1,1,1013,0
n_frq\set13\n_frq_8.py,n_frq,13,n_frq,8,2,8,8,0.5,0.5,0.7,0.6,1.0,0.5,96.600001,80,30,91.999998,138.000001,42.799999,1,1,1013,0
n_frq\set13\n_frq_12.py,n_frq,13,n_frq,12,2,8,12,0.5,0.5,0.7,0.6,1.0,0.5,96.600012,80,34,92.000002,138.000017,42.800001,1,1,1013,0
n_frq\set14\n_frq_2.py,n_frq,14,n_frq,2,2,8,2,0.5,0.5,0.7,0.6,1.0,0.5,96.600008,80,27,91.999999,138.000011,47.199999,1,1,1014,0
n_frq\set14\n_frq_3.py,n_frq,14,n_frq,3,2,8,3,0.5,0.5,0.7,0.6,1.0,0.5,96.599998,80,29,92.0,137.999997,42.866667,1,1,1014,0
n_frq\set14\n_frq_5.py,n_frq,14,n_frq,5,2,8,5,0.5,0.5,0.7,0.6,1.0,0.5,96.600002,80,22,92.000003,138.000002,42.866668,1,1,1014,0
n_frq\set14\n_frq_8.py,n_frq,14,n_frq,8,2,8,8,0.5,0.5,0.7,0.6,1.0,0.5,96.600002,80,20,91.999994,138.000002,42.799997,1,1,1014,0
n_frq\set14\n_frq_12.py,n_frq,14,n_frq,12,2,8,12,0.5,0.5,0.7,0.6,1.0,0.5,96.600005,80,36,91.999997,138.000007,42.799998,1,1,1014,0
n_frq\set15\n_frq_2.py,n_frq,15,n_frq,2,2,8,2,0.5,0.5,0.7,0.6,1.0,0.5,96.600006,80,20,91.999999,138.000008,44.085714,1,1,1015,0
n_frq\set15\n_frq_3.py,n_frq,15,n_frq,3,2,8,3,0.5,0.5,0.7,0.6,1.0,0.5,96.599996,80,21,91.999999,137.999994,43.999999,1,1,1015,0
n_frq\set15\n_frq_5.py,n_frq,15,n_frq,5,2,8,5,0.5,0.5,0.7,0.6,1.0,0.5,96.600006,80,21,92.000002,138.000008,44.000001,1,1,1015,0
n_frq\set15\n_frq_8.py,n_frq,15,n_frq,8,2,8,8,0.5,0.5,0.7,0.6,1.0,0.5,96.600004,80,33,92.000006,138.000006,44.000003,1,1,1015,0
n_frq\set15\n_frq_12.py,n_frq,15,n_frq,12,2,8,12,0.5,0.5,0.7,0.6,1.0,0.5,96.600003,80,26,92.000002,138.000005,42.800001,1,1,1015,0
n_frq\set16\n_frq_2.py,n_frq,16,n_frq,2,2,8,2,0.5,0.5,0.7,0.6,1.0,0.5,96.600006,80,31,92.000005,138.000008,46.018184,1,1,1016,0
n_frq\set16\n_frq_3.py,n_frq,16,n_frq,3,2,8,3,0.5,0.5,0.7,0.6,1.0,0.5,96.599997,80,30,92.000002,137.999995,46.018183,1,1,1016,0
n_frq\set16\n_frq_5.py,n_frq,16,n_frq,5,2,8,5,0.5,0.5,0.7,0.6,1.0,0.5,96.599998,80,34,91.999997,137.999998,46.01818,1,1,1016,0
n_frq\set16\n_frq_8.py,n_frq,16,n_frq,8,2,8,8,0.5,0.5,0.7,0.6,1.0,0.5,96.600003,80,26,92.000001,138.000005,42.800001,1,1,1016,0
n_frq\set16\n_frq_12.py,n_frq,16,n_frq,12,2,8,12,0.5,0.5,0.7,0.6,1.0,0.5,96.600009,80,25,92.000003,138.000013,42.800002,1,1,1016,0
n_frq\set17\n_frq_2.py,n_frq,17,n_frq,2,2,8,2,0.5,0.5,0.7,0.6,1.0,0.5,96.600008,80,31,92.000005,138.000011,52.261541,1,1,1017,0
n_frq\set17\n_frq_3.py,n_frq,17,n_frq,3,2,8,3,0.5,0.5,0.7,0.6,1.0,0.5,96.600001,80,35,92.000007,138.000001,48.800004,1,1,1017,0
n_frq\set17\n_frq_5.py,n_frq,17,n_frq,5,2,8,5,0.5,0.5,0.7,0.6,1.0,0.5,96.599998,80,29,92.000003,137.999998,42.866668,1,1,1017,0
n_frq\set17\n_frq_8.py,n_frq,17,n_frq,8,2,8,8,0.5,0.5,0.7,0.6,1.0,0.5,96.60001,80,28,91.999998,138.000014,42.866666,1,1,1017,0
n_frq\set17\n_frq_12.py,n_frq,17,n_frq,12,2,8,12,0.5,0.5,0.7,0.6,1.0,0.5,96.6,80,21,92.000005,138.0,42.800002,1,1,1017,0
n_frq\set18\n_frq_2.py,n_frq,18,n_frq,2,2,8,2,0.5,0.5,0.7,0.6,1.0,0.5,96.6,80,33,92.000001,138.0,48.800001,1,1,1018,0
n_frq\set18\n_frq_3.py,n_frq,18,n_frq,3,2,8,3,0.5,0.5,0.7,0.6,1.0,0.5,96.6,80,33,92.000001,138.0,48.800001,1,1,1018,0
n_frq\set18\n_frq_5.py,n_frq,18,n_frq,5,2,8,5,0.5,0.5,0.7,0.6,1.0,0.5,96.599998,80,26,91.999995,137.999997,44.085712,1,1,1018,0
n_frq\set18\n_frq_8.py,n_frq,18,n_frq,8,2,8,8,0.5,0.5,0.7,0.6,1.0,0.5,96.599991,80,29,91.999999,137.999987,42.866666,1,1,1018,0
n_frq\set18\n_frq_12.py,n_frq,18,n_frq,12,2,8,12,0.5,0.5,0.7,0.6,1.0,0.5,96.600001,80,32,91.999998,138.000001,42.866666,1,1,1018,0
n_frq\set19\n_frq_2.py,n_frq,19,n_frq,2,2,8,2,0.5,0.5,0.7,0.6,1.0,0.5,96.599995,80,32,92.0,137.999993,47.2,1,1,1019,0
n_frq\set19\n_frq_3.py,n_frq,19,n_frq,3,2,8,3,0.5,0.5,0.7,0.6,1.0,0.5,96.599999,80,26,92.000005,137.999999,42.866669,1,1,1019,0
n_frq\set19\n_frq_5.py,n_frq,19,n_frq,5,2,8,5,0.5,0.5,0.7,0.6,1.0,0.5,96.600002,80,23,91.999999,138.000003,42.866666,1,1,1019,0
n_frq\set19\n_frq_8.py,n_frq,19,n_frq,8,2,8,8,0.5,0.5,0.7,0.6,1.0,0.5,96.6,80,21,92.000003,138.0,42.866668,1,1,1019,0
n_frq\set19\n_frq_12.py,n_frq,19,n_frq,12,2,8,12,0.5,0.5,0.7,0.6,1.0,0.5,96.600002,80,31,91.999999,138.000003,42.799999,1,1,1019,0
n_frq\set20\n_frq_2.py,n_frq,20,n_frq,2,2,8,2,0.5,0.5,0.7,0.6,1.0,0.5,96.600002,80,26,92.000002,138.000002,47.200001,1,1,1020,0
n_frq\set20\n_frq_3.py,n_frq,20,n_frq,3,2,8,3,0.5,0.5,0.7,0.6,1.0,0.5,96.600002,80,27,91.999997,138.000002,44.085713,1,1,1020,0
n_frq\set20\n_frq_5.py,n_frq,20,n_frq,5,2,8,5,0.5,0.5,0.7,0.6,1.0,0.5,96.600002,80,25,92.000005,138.000003,44.085716,1,1,1020,0
n_frq\set20\n_frq_8.py,n_frq,20,n_frq,8,2,8,8,0.5,0.5,0.7,0.6,1.0,0.5,96.599997,80,22,92.000002,137.999995,42.800001,1,1,1020,0
n_frq\set20\n_frq_12.py,n_frq,20,n_frq,12,2,8,12,0.5,0.5,0.7,0.6,1.0,0.5,96.6,80,27,92.000001,138.0,42.800001,1,1,1020,0
n_frq\set21\n_frq_2.py,n_frq,21,n_frq,2,2,8,2,0.5,0.5,0.7,0.6,1.0,0.5,96.600004,80,23,92.000001,138.000006,56.342858,1,1,1021,0
n_frq\set21\n_frq_3.py,n_frq,21,n_frq,3,2,8,3,0.5,0.5,0.7,0.6,1.0,0.5,96.600006,80,20,92.000001,138.000008,42.800001,1,1,1021,0
n_frq\set21\n_frq_5.py,n_frq,21,n_frq,5,2,8,5,0.5,0.5,0.7,0.6,1.0,0.5,96.599992,80,20,91.999994,137.999989,42.799997,1,1,1021,0
n_frq\set21\n_frq_8.py,n_frq,21,n_frq,8,2,8,8,0.5,0.5,0.7,0.6,1.0,0.5,96.600003,80,34,91.999995,138.000005,42.799998,1,1,1021,0
n_frq\set21\n_frq_12.py,n_frq,21,n_frq,12,2,8,12,0.5,0.5,0.7,0.6,1.0,0.5,96.599999,80,30,92.000006,137.999999,42.800003,1,1,1021,0
n_frq\set22\n_frq_2.py,n_frq,22,n_frq,2,2,8,2,0.5,0.5,0.7,0.6,1.0,0.5,96.6,80,34,92.000005,138.0,42.800002,1,1,1022,0
n_frq\set22\n_frq_3.py,n_frq,22,n_frq,3,2,8,3,0.5,0.5,0.7,0.6,1.0,0.5,96.6,80,34,92.000005,138.0,42.800002,1,1,1022,0
n_frq\set22\n_frq_5.py,n_frq,22,n_frq,5,2,8,5,0.5,0.5,0.7,0.6,1.0,0.5,96.600005,80,30,91.999999,138.000007,42.799999,1,1,1022,0
n_frq\set22\n_frq_8.py,n_frq,22,n_frq,8,2,8,8,0.5,0.5,0.7,0.6,1.0,0.5,96.599997,80,30,92.000002,137.999995,42.800001,1,1,1022,0
n_frq\set22\n_frq_12.py,n_frq,22,n_frq,12,2,8,12,0.5,0.5,0.7,0.6,1.0,0.5,96.599998,80,21,91.999997,137.999997,42.799998,1,1,1022,0
n_frq\set23\n_frq_2.py,n_frq,23,n_frq,2,2,8,2,0.5,0.5,0.7,0.6,1.0,0.5,96.599997,80,23,92.0,137.999995,52.261538,1,1,1023,0
n_frq\set23\n_frq_3.py,n_frq,23,n_frq,3,2,8,3,0.5,0.5,0.7,0.6,1.0,0.5,96.599994,80,30,91.999999,137.999991,52.261538,1,1,1023,0
n_frq\set23\n_frq_5.py,n_frq,23,n_frq,5,2,8,5,0.5,0.5,0.7,0.6,1.0,0.5,96.600006,80,28,91.999999,138.000008,42.799999,1,1,1023,0
n_frq\set23\n_frq_8.py,n_frq,23,n_frq,8,2,8,8,0.5,0.5,0.7,0.6,1.0,0.5,96.599992,80,22,91.999997,137.999989,42.799998,1,1,1023,0
n_frq\set23\n_frq_12.py,n_frq,23,n_frq,12,2,8,12,0.5,0.5,0.7,0.6,1.0,0.5,96.600007,80,27,92.000007,138.00001,42.800003,1,1,1023,0
n_frq\set24\n_frq_2.py,n_frq,24,n_frq,2,2,8,2,0.5,0.5,0.7,0.6,1.0,0.5,96.599994,80,27,91.999997,137.999992,47.199998,1,1,1024,0
n_frq\set24\n_frq_3.py,n_frq,24,n_frq,3,2,8,3,0.5,0.5,0.7,0.6,1.0,0.5,96.599998,80,28,91.999997,137.999997,47.199998,1,1,1024,0
n_frq\set24\n_frq_5.py,n_frq,24,n_frq,5,2,8,5,0.5,0.5,0.7,0.6,1.0,0.5,96.600001,80,21,91.999998,138.000001,46.018181,1,1,1024,0
n_frq\set24\n_frq_8.py,n_frq,24,n_frq,8,2,8,8,0.5,0.5,0.7,0.6,1.0,0.5,96.599995,80,30,91.999995,137.999993,44.085712,1,1,1024,0
n_frq\set24\n_frq_12.py,n_frq,24,n_frq,12,2,8,12,0.5,0.5,0.7,0.6,1.0,0.5,96.599996,80,29,91.999994,137.999994,42.799997,1,1,1024,0
n_frq\set25\n_frq_2.py,n_frq,25,n_frq,2,2,8,2,0.5,0.5,0.7,0.6,1.0,0.5,96.600007,80,29,92.000006,138.00001,47.200003,1,1,1025,0
n_frq\set25\n_frq_3.py,n_frq,25,n_frq,3,2,8,3,0.5,0.5,0.7,0.6,1.0,0.5,96.599998,80,26,91.999994,137.999998,42.866664,1,1,1025,0
n_frq\set25\n_frq_5.py,n_frq,25,n_frq,5,2,8,5,0.5,0.5,0.7,0.6,1.0,0.5,96.6,80,23,91.999995,138.0,42.866665,1,1,1025,0
n_frq\set25\n_frq_8.py,n_frq,25,n_frq,8,2,8,8,0.5,0.5,0.7,0.6,1.0,0.5,96.599994,80,24,91.999999,137.999991,42.866666,1,1,1025,0
n_frq\set25\n_frq_12.py,n_frq,25,n_frq,12,2,8,12,0.5,0.5,0.7,0.6,1.0,0.5,96.599991,80,35,91.999993,137.999987,42.799997,1,1,1025,0
n_frq\set26\n_frq_2.py,n_frq,26,n_frq,2,2,8,2,0.5,0.5,0.7,0.6,1.0,0.5,96.600003,80,23,92.000006,138.000005,47.200003,1,1,1026,0
n_frq\set26\n_frq_3.py,n_frq,26,n_frq,3,2,8,3,0.5,0.5,0.7,0.6,1.0,0.5,96.600005,80,23,92.000001,138.000007,44.000001,1,1,1026,0
n_frq\set26\n_frq_5.py,n_frq,26,n_frq,5,2,8,5,0.5,0.5,0.7,0.6,1.0,0.5,96.599998,80,27,92.000007,137.999998,44.000003,1,1,1026,0
n_frq\set26\n_frq_8.py,n_frq,26,n_frq,8,2,8,8,0.5,0.5,0.7,0.6,1.0,0.5,96.600001,80,34,91.999999,138.000001,42.866666,1,1,1026,0
n_frq\set26\n_frq_12.py,n_frq,26,n_frq,12,2,8,12,0.5,0.5,0.7,0.6,1.0,0.5,96.599998,80,24,91.999994,137.999998,42.799997,1,1,1026,0
n_frq\set27\n_frq_2.py,n_frq,27,n_frq,2,2,8,2,0.5,0.5,0.7,0.6,1.0,0.5,96.600002,80,29,92.000005,138.000003,47.200002,1,1,1027,0
n_frq\set27\n_frq_3.py,n_frq,27,n_frq,3,2,8,3,0.5,0.5,0.7,0.6,1.0,0.5,96.60001,80,36,92.000007,138.000015,44.085718,1,1,1027,0
n_frq\set27\n_frq_5.py,n_frq,27,n_frq,5,2,8,5,0.5,0.5,0.7,0.6,1.0,0.5,96.600006,80,40,92.000005,138.000008,44.085716,1,1,1027,0
n_frq\set27\n_frq_8.py,n_frq,27,n_frq,8,2,8,8,0.5,0.5,0.7,0.6,1.0,0.5,96.599997,80,29,92.000001,137.999995,42.866667,1,1,1027,0
n_frq\set27\n_frq_12.py,n_frq,27,n_frq,12,2,8,12,0.5,0.5,0.7,0.6,1.0,0.5,96.599999,80,22,91.999999,137.999999,42.866666,1,1,1027,0
n_frq\set28\n_frq_2.py,n_frq,28,n_frq,2,2,8,2,0.5,0.5,0.7,0.6,1.0,0.5,96.600001,80,24,92.000002,138.000001,52.26154,1,1,1028,0
n_frq\set28\n_frq_3.py,n_frq,28,n_frq,3,2,8,3,0.5,0.5,0.7,0.6,1.0,0.5,96.599993,80,23,92.000001,137.99999,48.800001,1,1,1028,0
n_frq\set28\n_frq_5.py,n_frq,28,n_frq,5,2,8,5,0.5,0.5,0.7,0.6,1.0,0.5,96.599995,80,23,91.999995,137.999993,43.999998,1,1,1028,0
n_frq\set28\n_frq_8.py,n_frq,28,n_frq,8,2,8,8,0.5,0.5,0.7,0.6,1.0,0.5,96.599994,80,43,91.999997,137.999991,42.866665,1,1,1028,0
n_frq\set28\n_frq_12.py,n_frq,28,n_frq,12,2,8,12,0.5,0.5,0.7,0.6,1.0,0.5,96.59999,80,43,91.999994,137.999986,42.866664,1,1,1028,0
n_frq\set29\n_frq_2.py,n_frq,29,n_frq,2,2,8,2,0.5,0.5,0.7,0.6,1.0,0.5,96.600003,80,21,91.999999,138.000005,43.999999,1,1,1029,0
n_frq\set29\n_frq_3.py,n_frq,29,n_frq,3,2,8,3,0.5,0.5,0.7,0.6,1.0,0.5,96.600003,80,21,91.999999,138.000005,43.999999,1,1,1029,0
n_frq\set29\n_frq_5.py,n_frq,29,n_frq,5,2,8,5,0.5,0.5,0.7,0.6,1.0,0.5,96.600003,80,21,91.999999,138.000005,43.999999,1,1,1029,0
n_frq\set29\n_frq_8.py,n_frq,29,n_frq,8,2,8,8,0.5,0.5,0.7,0.6,1.0,0.5,96.599992,80,28,91.999997,137.999989,42.799998,1,1,1029,0
n_frq\set29\n_frq_12.py,n_frq,29,n_frq,12,2,8,12,0.5,0.5,0.7,0.6,1.0,0.5,96.600005,80,21,92.000006,138.000007,42.800003,1,1,1029,0
n_frq\set30\n_frq_2.py,n_frq,30,n_frq,2,2,8,2,0.5,0.5,0.7,0.6,1.0,0.5,96.600002,80,29,92.000002,138.000002,47.200001,1,1,1030,0
n_frq\set30\n_frq_3.py,n_frq,30,n_frq,3,2,8,3,0.5,0.5,0.7,0.6,1.0,0.5,96.600002,80,29,92.000002,138.000002,47.200001,1,1,1030,0
n_frq\set30\n_frq_5.py,n_frq,30,n_frq,5,2,8,5,0.5,0.5,0.7,0.6,1.0,0.5,96.6,80,26,91.999999,138.0,42.799999,1,1,1030,0
n_frq\set30\n_frq_8.py,n_frq,30,n_frq,8,2,8,8,0.5,0.5,0.7,0.6,1.0,0.5,96.600003,80,32,92.0,138.000005,42.8,1,1,1030,0
n_frq\set30\n_frq_12.py,n_frq,30,n_frq,12,2,8,12,0.5,0.5,0.7,0.6,1.0,0.5,96.600006,80,39,92.000003,138.000009,42.800002,1,1,1030,0
n_frq\set31\n_frq_2.py,n_frq,31,n_frq,2,2,8,2,0.5,0.5,0.7,0.6,1.0,0.5,96.600002,80,35,91.999993,138.000003,60.999995,1,1,1031,0
n_frq\set31\n_frq_3.py,n_frq,31,n_frq,3,2,8,3,0.5,0.5,0.7,0.6,1.0,0.5,96.600002,80,35,91.999993,138.000003,56.342853,1,1,1031,0
n_frq\set31\n_frq_5.py,n_frq,31,n_frq,5,2,8,5,0.5,0.5,0.7,0.6,1.0,0.5,96.599992,80,29,91.999997,137.999988,47.199998,1,1,1031,0
n_frq\set31\n_frq_8.py,n_frq,31,n_frq,8,2,8,8,0.5,0.5,0.7,0.6,1.0,0.5,96.600002,80,20,91.999999,138.000003,46.018181,1,1,1031,0
n_frq\set31\n_frq_12.py,n_frq,31,n_frq,12,2,8,12,0.5,0.5,0.7,0.6,1.0,0.5,96.599987,80,27,91.999993,137.999982,42.799997,1,1,1031,0
n_frq\set32\n_frq_2.py,n_frq,32,n_frq,2,2,8,2,0.5,0.5,0.7,0.6,1.0,0.5,96.599995,80,26,91.999997,137.999993,48.799998,1,1,1032,0
n_frq\set32\n_frq_3.py,n_frq,32,n_frq,3,2,8,3,0.5,0.5,0.7,0.6,1.0,0.5,96.599995,80,26,91.999997,137.999993,48.799998,1,1,1032,0
n_frq\set32\n_frq_5.py,n_frq,32,n_frq,5,2,8,5,0.5,0.5,0.7,0.6,1.0,0.5,96.600005,80,26,92.000001,138.000007,42.800001,1,1,1032,0
n_frq\set32\n_frq_8.py,n_frq,32,n_frq,8,2,8,8,0.5,0.5,0.7,0.6,1.0,0.5,96.599999,80,37,91.999993,137.999999,42.799997,1,1,1032,0
n_frq\set32\n_frq_12.py,n_frq,32,n_frq,12,2,8,12,0.5,0.5,0.7,0.6,1.0,0.5,96.600001,80,30,92.000001,138.000001,42.800001,1,1,1032,0
n_frq\set33\n_frq_2.py,n_frq,33,n_frq,2,2,8,2,0.5,0.5,0.7,0.6,1.0,0.5,96.600003,80,36,92.000003,138.000005,42.866668,1,1,1033,0
n_frq\set33\n_frq_3.py,n_frq,33,n_frq,3,2,8,3,0.5,0.5,0.7,0.6,1.0,0.5,96.600003,80,36,92.000003,138.000005,42.866668,1,1,1033,0
n_frq\set33\n_frq_5.py,n_frq,33,n_frq,5,2,8,5,0.5,0.5,0.7,0.6,1.0,0.5,96.6,80,36,91.999998,138.0,42.866666,1,1,1033,0
n_frq\set33\n_frq_8.py,n_frq,33,n_frq,8,2,8,8,0.5,0.5,0.7,0.6,1.0,0.5,96.600002,80,25,92.000007,138.000003,42.86667,1,1,1033,0
n_frq\set33\n_frq_12.py,n_frq,33,n_frq,12,2,8,12,0.5,0.5,0.7,0.6,1.0,0.5,96.6,80,36,92.0,138.0,42.866667,1,1,1033,0
n_frq\set34\n_frq_2.py,n_frq,34,n_frq,2,2,8,2,0.5,0.5,0.7,0.6,1.0,0.5,96.600006,80,40,92.000001,138.000009,47.200001,1,1,1034,0
n_frq\set34\n_frq_3.py,n_frq,34,n_frq,3,2,8,3,0.5,0.5,0.7,0.6,1.0,0.5,96.600006,80,40,92.000001,138.000009,47.200001,1,1,1034,0
n_frq\set34\n_frq_5.py,n_frq,34,n_frq,5,2,8,5,0.5,0.5,0.7,0.6,1.0,0.5,96.599997,80,29,92.000003,137.999995,44.085716,1,1,1034,0
n_frq\set34\n_frq_8.py,n_frq,34,n_frq,8,2,8,8,0.5,0.5,0.7,0.6,1.0,0.5,96.599994,80,26,92.000001,137.999992,44.085715,1,1,1034,0
n_frq\set34\n_frq_12.py,n_frq,34,n_frq,12,2,8,12,0.5,0.5,0.7,0.6,1.0,0.5,96.600004,80,37,92.000003,138.000006,42.866668,1,1,1034,0
n_frq\set35\n_frq_2.py,n_frq,35,n_frq,2,2,8,2,0.5,0.5,0.7,0.6,1.0,0.5,96.599987,80,33,91.999992,137.999982,66.199994,1,1,1035,0
n_frq\set35\n_frq_3.py,n_frq,35,n_frq,3,2,8,3,0.5,0.5,0.7,0.6,1.0,0.5,96.599987,80,33,91.999992,137.999982,66.199994,1,1,1035,0
n_frq\set35\n_frq_5.py,n_frq,35,n_frq,5,2,8,5,0.5,0.5,0.7,0.6,1.0,0.5,96.599999,80,36,92.000003,137.999999,42.800002,1,1,1035,0
n_frq\set35\n_frq_8.py,n_frq,35,n_frq,8,2,8,8,0.5,0.5,0.7,0.6,1.0,0.5,96.599999,80,30,91.999999,137.999999,42.799999,1,1,1035,0
n_frq\set35\n_frq_12.py,n_frq,35,n_frq,12,2,8,12,0.5,0.5,0.7,0.6,1.0,0.5,96.600005,80,30,92.000006,138.000007,42.800003,1,1,1035,0
n_frq\set36\n_frq_2.py,n_frq,36,n_frq,2,2,8,2,0.5,0.5,0.7,0.6,1.0,0.5,96.599996,80,41,91.999992,137.999994,48.799996,1,1,1036,0
n_frq\set36\n_frq_3.py,n_frq,36,n_frq,3,2,8,3,0.5,0.5,0.7,0.6,1.0,0.5,96.599996,80,41,91.999992,137.999994,48.799996,1,1,1036,0
n_frq\set36\n_frq_5.py,n_frq,36,n_frq,5,2,8,5,0.5,0.5,0.7,0.6,1.0,0.5,96.600002,80,34,92.000006,138.000002,44.085717,1,1,1036,0
n_frq\set36\n_frq_8.py,n_frq,36,n_frq,8,2,8,8,0.5,0.5,0.7,0.6,1.0,0.5,96.600007,80,30,92.00001,138.00001,44.085719,1,1,1036,0
n_frq\set36\n_frq_12.py,n_frq,36,n_frq,12,2,8,12,0.5,0.5,0.7,0.6,1.0,0.5,96.599999,80,28,91.999998,137.999999,42.799999,1,1,1036,0
n_frq\set37\n_frq_2.py,n_frq,37,n_frq,2,2,8,2,0.5,0.5,0.7,0.6,1.0,0.5,96.599996,80,41,91.999998,137.999994,44.085713,1,1,1037,0
n_frq\set37\n_frq_3.py,n_frq,37,n_frq,3,2,8,3,0.5,0.5,0.7,0.6,1.0,0.5,96.599996,80,41,91.999998,137.999994,44.085713,1,1,1037,0
n_frq\set37\n_frq_5.py,n_frq,37,n_frq,5,2,8,5,0.5,0.5,0.7,0.6,1.0,0.5,96.60001,80,35,92.000008,138.000015,44.085718,1,1,1037,0
n_frq\set37\n_frq_8.py,n_frq,37,n_frq,8,2,8,8,0.5,0.5,0.7,0.6,1.0,0.5,96.600006,80,33,92.000003,138.000008,44.085716,1,1,1037,0
n_frq\set37\n_frq_12.py,n_frq,37,n_frq,12,2,8,12,0.5,0.5,0.7,0.6,1.0,0.5,96.599991,80,37,92.0,137.999987,42.8,1,1,1037,0
n_frq\set38\n_frq_2.py,n_frq,38,n_frq,2,2,8,2,0.5,0.5,0.7,0.6,1.0,0.5,96.600003,80,30,92.000002,138.000005,44.085715,1,1,1038,0
n_frq\set38\n_frq_3.py,n_frq,38,n_frq,3,2,8,3,0.5,0.5,0.7,0.6,1.0,0.5,96.600006,80,34,92.0,138.000009,44.0,1,1,1038,0
n_frq\set38\n_frq_5.py,n_frq,38,n_frq,5,2,8,5,0.5,0.5,0.7,0.6,1.0,0.5,96.600007,80,26,91.999997,138.00001,42.799998,1,1,1038,0
n_frq\set38\n_frq_8.py,n_frq,38,n_frq,8,2,8,8,0.5,0.5,0.7,0.6,1.0,0.5,96.599998,80,36,92.000005,137.999998,42.800002,1,1,1038,0
n_frq\set38\n_frq_12.py,n_frq,38,n_frq,12,2,8,12,0.5,0.5,0.7,0.6,1.0,0.5,96.600005,80,35,91.999994,138.000007,42.799997,1,1,1038,0
n_frq\set39\n_frq_2.py,n_frq,39,n_frq,2,2,8,2,0.5,0.5,0.7,0.6,1.0,0.5,96.599993,80,39,91.999998,137.99999,66.199998,1,1,1039,0
n_frq\set39\n_frq_3.py,n_frq,39,n_frq,3,2,8,3,0.5,0.5,0.7,0.6,1.0,0.5,96.600009,80,36,92.00001,138.000013,42.800005,1,1,1039,0
n_frq\set39\n_frq_5.py,n_frq,39,n_frq,5,2,8,5,0.5,0.5,0.7,0.6,1.0,0.5,96.599998,80,36,91.999989,137.999997,42.799995,1,1,1039,0
n_frq\set39\n_frq_8.py,n_frq,39,n_frq,8,2,8,8,0.5,0.5,0.7,0.6,1.0,0.5,96.599999,80,39,91.999999,137.999999,42.799999,1,1,1039,0
n_frq\set39\n_frq_12.py,n_frq,39,n_frq,12,2,8,12,0.5,0.5,0.7,0.6,1.0,0.5,96.600006,80,43,92.000002,138.000008,42.800001,1,1,1039,0
n_frq\set40\n_frq_2.py,n_frq,40,n_frq,2,2,8,2,0.5,0.5,0.7,0.6,1.0,0.5,96.599992,80,29,91.999995,137.999989,42.799998,1,1,1040,0
n_frq\set40\n_frq_3.py,n_frq,40,n_frq,3,2,8,3,0.5,0.5,0.7,0.6,1.0,0.5,96.599992,80,29,91.999995,137.999989,42.799998,1,1,1040,0
n_frq\set40\n_frq_5.py,n_frq,40,n_frq,5,2,8,5,0.5,0.5,0.7,0.6,1.0,0.5,96.599994,80,29,92.000003,137.999991,42.800002,1,1,1040,0
n_frq\set40\n_frq_8.py,n_frq,40,n_frq,8,2,8,8,0.5,0.5,0.7,0.6,1.0,0.5,96.600005,80,24,92.000002,138.000007,42.800001,1,1,1040,0
n_frq\set40\n_frq_12.py,n_frq,40,n_frq,12,2,8,12,0.5,0.5,0.7,0.6,1.0,0.5,96.599991,80,28,91.999992,137.999987,42.799996,1,1,1040,0
n_frq\set41\n_frq_2.py,n_frq,41,n_frq,2,2,8,2,0.5,0.5,0.7,0.6,1.0,0.5,96.600004,80,36,91.999998,138.000006,42.799999,1,1,1041,0
n_frq\set41\n_frq_3.py,n_frq,41,n_frq,3,2,8,3,0.5,0.5,0.7,0.6,1.0,0.5,96.599998,80,39,92.0,137.999998,42.8,1,1,1041,0
n_frq\set41\n_frq_5.py,n_frq,41,n_frq,5,2,8,5,0.5,0.5,0.7,0.6,1.0,0.5,96.599981,80,36,91.999995,137.999974,42.799998,1,1,1041,0
n_frq\set41\n_frq_8.py,n_frq,41,n_frq,8,2,8,8,0.5,0.5,0.7,0.6,1.0,0.5,96.6,80,25,91.999998,138.0,42.799999,1,1,1041,0
n_frq\set41\n_frq_12.py,n_frq,41,n_frq,12,2,8,12,0.5,0.5,0.7,0.6,1.0,0.5,96.600004,80,29,92.000006,138.000006,42.800003,1,1,1041,0
n_frq\set42\n_frq_2.py,n_frq,42,n_frq,2,2,8,2,0.5,0.5,0.7,0.6,1.0,0.5,96.600005,80,28,92.000006,138.000007,42.800003,1,1,1042,0
n_frq\set42\n_frq_3.py,n_frq,42,n_frq,3,2,8,3,0.5,0.5,0.7,0.6,1.0,0.5,96.599998,80,21,91.999993,137.999997,42.799997,1,1,1042,0
n_frq\set42\n_frq_5.py,n_frq,42,n_frq,5,2,8,5,0.5,0.5,0.7,0.6,1.0,0.5,96.600004,80,23,92.000002,138.000006,42.800001,1,1,1042,0
n_frq\set42\n_frq_8.py,n_frq,42,n_frq,8,2,8,8,0.5,0.5,0.7,0.6,1.0,0.5,96.599992,80,25,91.999995,137.999989,42.799998,1,1,1042,0
n_frq\set42\n_frq_12.py,n_frq,42,n_frq,12,2,8,12,0.5,0.5,0.7,0.6,1.0,0.5,96.599997,80,24,91.999992,137.999995,42.799996,1,1,1042,0
n_frq\set43\n_frq_2.py,n_frq,43,n_frq,2,2,8,2,0.5,0.5,0.7,0.6,1.0,0.5,96.599997,80,32,92.0,137.999995,46.018182,1,1,1043,0
n_frq\set43\n_frq_3.py,n_frq,43,n_frq,3,2,8,3,0.5,0.5,0.7,0.6,1.0,0.5,96.600007,80,33,91.999997,138.00001,46.01818,1,1,1043,0
n_frq\set43\n_frq_5.py,n_frq,43,n_frq,5,2,8,5,0.5,0.5,0.7,0.6,1.0,0.5,96.599996,80,31,91.999994,137.999994,42.866664,1,1,1043,0
n_frq\set43\n_frq_8.py,n_frq,43,n_frq,8,2,8,8,0.5,0.5,0.7,0.6,1.0,0.5,96.600003,80,26,92.000001,138.000005,42.866667,1,1,1043,0
n_frq\set43\n_frq_12.py,n_frq,43,n_frq,12,2,8,12,0.5,0.5,0.7,0.6,1.0,0.5,96.599998,80,28,91.999995,137.999997,42.799998,1,1,1043,0
n_frq\set44\n_frq_2.py,n_frq,44,n_frq,2,2,8,2,0.5,0.5,0.7,0.6,1.0,0.5,96.600002,80,29,91.999999,138.000002,42.866666,1,1,1044,0
n_frq\set44\n_frq_3.py,n_frq,44,n_frq,3,2,8,3,0.5,0.5,0.7,0.6,1.0,0.5,96.600005,80,32,91.999993,138.000007,42.866663,1,1,1044,0
n_frq\set44\n_frq_5.py,n_frq,44,n_frq,5,2,8,5,0.5,0.5,0.7,0.6,1.0,0.5,96.599997,80,31,92.000001,137.999995,42.866667,1,1,1044,0
n_frq\set44\n_frq_8.py,n_frq,44,n_frq,8,2,8,8,0.5,0.5,0.7,0.6,1.0,0.5,96.599997,80,32,92.000003,137.999995,42.866668,1,1,1044,0
n_frq\set44\n_frq_12.py,n_frq,44,n_frq,12,2,8,12,0.5,0.5,0.7,0.6,1.0,0.5,96.60001,80,41,92.000014,138.000014,42.866673,1,1,1044,0
n_frq\set45\n_frq_2.py,n_frq,45,n_frq,2,2,8,2,0.5,0.5,0.7,0.6,1.0,0.5,96.599997,80,26,92.000003,137.999995,66.200002,1,1,1045,0
n_frq\set45\n_frq_3.py,n_frq,45,n_frq,3,2,8,3,0.5,0.5,0.7,0.6,1.0,0.5,96.600001,80,26,92.000005,138.000001,47.200002,1,1,1045,0
n_frq\set45\n_frq_5.py,n_frq,45,n_frq,5,2,8,5,0.5,0.5,0.7,0.6,1.0,0.5,96.600001,80,26,92.000005,138.000001,47.200002,1,1,1045,0
n_frq\set45\n_frq_8.py,n_frq,45,n_frq,8,2,8,8,0.5,0.5,0.7,0.6,1.0,0.5,96.599998,80,23,92.000003,137.999998,47.200002,1,1,1045,0
n_frq\set45\n_frq_12.py,n_frq,45,n_frq,12,2,8,12,0.5,0.5,0.7,0.6,1.0,0.5,96.599996,80,25,92.000003,137.999994,42.866668,1,1,1045,0
n_frq\set46\n_frq_2.py,n_frq,46,n_frq,2,2,8,2,0.5,0.5,0.7,0.6,1.0,0.5,96.599995,80,31,91.999998,137.999993,52.261537,1,1,1046,0
n_frq\set46\n_frq_3.py,n_frq,46,n_frq,3,2,8,3,0.5,0.5,0.7,0.6,1.0,0.5,96.599995,80,31,91.999998,137.999993,52.261537,1,1,1046,0
n_frq\set46\n_frq_5.py,n_frq,46,n_frq,5,2,8,5,0.5,0.5,0.7,0.6,1.0,0.5,96.600004,80,33,92.0,138.000006,44.085714,1,1,1046,0
n_frq\set46\n_frq_8.py,n_frq,46,n_frq,8,2,8,8,0.5,0.5,0.7,0.6,1.0,0.5,96.600005,80,37,92.000001,138.000007,42.866667,1,1,1046,0
n_frq\set46\n_frq_12.py,n_frq,46,n_frq,12,2,8,12,0.5,0.5,0.7,0.6,1.0,0.5,96.599998,80,24,91.999997,137.999998,42.866665,1,1,1046,0
n_frq\set47\n_frq_2.py,n_frq,47,n_frq,2,2,8,2,0.5,0.5,0.7,0.6,1.0,0.5,96.600002,80,20,92.000001,138.000003,44.085715,1,1,1047,0
n_frq\set47\n_frq_3.py,n_frq,47,n_frq,3,2,8,3,0.5,0.5,0.7,0.6,1.0,0.5,96.599998,80,22,91.999995,137.999997,43.999998,1,1,1047,0
n_frq\set47\n_frq_5.py,n_frq,47,n_frq,5,2,8,5,0.5,0.5,0.7,0.6,1.0,0.5,96.600003,80,26,92.000005,138.000005,44.000002,1,1,1047,0
n_frq\set47\n_frq_8.py,n_frq,47,n_frq,8,2,8,8,0.5,0.5,0.7,0.6,1.0,0.5,96.599998,80,39,92.000003,137.999998,42.800002,1,1,1047,0
n_frq\set47\n_frq_12.py,n_frq,47,n_frq,12,2,8,12,0.5,0.5,0.7,0.6,1.0,0.5,96.600006,80,41,92.000006,138.000009,42.800003,1,1,1047,0
n_frq\set48\n_frq_2.py,n_frq,48,n_frq,2,2,8,2,0.5,0.5,0.7,0.6,1.0,0.5,96.600001,80,37,92.000002,138.000001,44.000001,1,1,1048,0
n_frq\set48\n_frq_3.py,n_frq,48,n_frq,3,2,8,3,0.5,0.5,0.7,0.6,1.0,0.5,96.599999,80,37,92.000003,137.999999,42.800002,1,1,1048,0
n_frq\set48\n_frq_5.py,n_frq,48,n_frq,5,2,8,5,0.5,0.5,0.7,0.6,1.0,0.5,96.600007,80,30,92.000009,138.00001,42.800004,1,1,1048,0
n_frq\set48\n_frq_8.py,n_frq,48,n_frq,8,2,8,8,0.5,0.5,0.7,0.6,1.0,0.5,96.600004,80,29,92.000003,138.000006,42.800002,1,1,1048,0
n_frq\set48\n_frq_12.py,n_frq,48,n_frq,12,2,8,12,0.5,0.5,0.7,0.6,1.0,0.5,96.600002,80,33,92.000002,138.000002,42.800001,1,1,1048,0
n_frq\set49\n_frq_2.py,n_frq,49,n_frq,2,2,8,2,0.5,0.5,0.7,0.6,1.0,0.5,96.600013,80,30,92.000008,138.000018,66.200006,1,1,1049,0
n_frq\set49\n_frq_3.py,n_frq,49,n_frq,3,2,8,3,0.5,0.5,0.7,0.6,1.0,0.5,96.600013,80,30,92.000008,138.000018,61.000005,1,1,1049,0
n_frq\set49\n_frq_5.py,n_frq,49,n_frq,5,2,8,5,0.5,0.5,0.7,0.6,1.0,0.5,96.600007,80,24,92.000007,138.00001,47.200004,1,1,1049,0
n_frq\set49\n_frq_8.py,n_frq,49,n_frq,8,2,8,8,0.5,0.5,0.7,0.6,1.0,0.5,96.600002,80,43,92.000006,138.000002,42.866669,1,1,1049,0
n_frq\set49\n_frq_12.py,n_frq,49,n_frq,12,2,8,12,0.5,0.5,0.7,0.6,1.0,0.5,96.600021,80,41,92.000009,138.00003,42.800004,1,1,1049,0
n_frq\set50\n_frq_2.py,n_frq,50,n_frq,2,2,8,2,0.5,0.5,0.7,0.6,1.0,0.5,96.599996,80,34,91.999993,137.999994,46.018178,1,1,1050,0
n_frq\set50\n_frq_3.py,n_frq,50,n_frq,3,2,8,3,0.5,0.5,0.7,0.6,1.0,0.5,96.599995,80,37,91.999999,137.999993,46.018181,1,1,1050,0
n_frq\set50\n_frq_5.py,n_frq,50,n_frq,5,2,8,5,0.5,0.5,0.7,0.6,1.0,0.5,96.599997,80,36,91.999998,137.999995,46.018181,1,1,1050,0
n_frq\set50\n_frq_8.py,n_frq,50,n_frq,8,2,8,8,0.5,0.5,0.7,0.6,1.0,0.5,96.599994,80,27,92.000002,137.999992,42.800001,1,1,1050,0
n_frq\set50\n_frq_12.py,n_frq,50,n_frq,12,2,8,12,0.5,0.5,0.7,0.6,1.0,0.5,96.600003,80,33,91.999989,138.000005,42.799995,1,1,1050,0
n_frq\set51\n_frq_2.py,n_frq,51,n_frq,2,2,8,2,0.5,0.5,0.7,0.6,1.0,0.5,96.599995,80,24,91.999995,137.999993,47.199998,1,1,1051,0
n_frq\set51\n_frq_3.py,n_frq,51,n_frq,3,2,8,3,0.5,0.5,0.7,0.6,1.0,0.5,96.599998,80,23,92.000001,137.999997,44.085715,1,1,1051,0
n_frq\set51\n_frq_5.py,n_frq,51,n_frq,5,2,8,5,0.5,0.5,0.7,0.6,1.0,0.5,96.599998,80,34,91.999988,137.999997,43.999994,1,1,1051,0
n_frq\set51\n_frq_8.py,n_frq,51,n_frq,8,2,8,8,0.5,0.5,0.7,0.6,1.0,0.5,96.600009,80,32,92.000002,138.000013,42.800001,1,1,1051,0
n_frq\set51\n_frq_12.py,n_frq,51,n_frq,12,2,8,12,0.5,0.5,0.7,0.6,1.0,0.5,96.6,80,22,91.999997,138.0,42.799998,1,1,1051,0
n_frq\set52\n_frq_2.py,n_frq,52,n_frq,2,2,8,2,0.5,0.5,0.7,0.6,1.0,0.5,96.599998,80,23,91.999998,137.999998,42.799999,1,1,1052,0
n_frq\set52\n_frq_3.py,n_frq,52,n_frq,3,2,8,3,0.5,0.5,0.7,0.6,1.0,0.5,96.599998,80,23,91.999998,137.999998,42.799999,1,1,1052,0
n_frq\set52\n_frq_5.py,n_frq,52,n_frq,5,2,8,5,0.5,0.5,0.7,0.6,1.0,0.5,96.600004,80,23,91.999998,138.000006,42.799999,1,1,1052,0
n_frq\set52\n_frq_8.py,n_frq,52,n_frq,8,2,8,8,0.5,0.5,0.7,0.6,1.0,0.5,96.599999,80,30,92.000003,137.999999,42.800002,1,1,1052,0
n_frq\set52\n_frq_12.py,n_frq,52,n_frq,12,2,8,12,0.5,0.5,0.7,0.6,1.0,0.5,96.600003,80,21,92.000006,138.000005,42.800003,1,1,1052,0
n_frq\set53\n_frq_2.py,n_frq,53,n_frq,2,2,8,2,0.5,0.5,0.7,0.6,1.0,0.5,96.599999,80,24,92.0,137.999999,46.018182,1,1,1053,0
n_frq\set53\n_frq_3.py,n_frq,53,n_frq,3,2,8,3,0.5,0.5,0.7,0.6,1.0,0.5,96.6,80,24,91.999998,138.0,46.018181,1,1,1053,0
n_frq\set53\n_frq_5.py,n_frq,53,n_frq,5,2,8,5,0.5,0.5,0.7,0.6,1.0,0.5,96.6,80,24,91.999998,138.0,46.018181,1,1,1053,0
n_frq\set53\n_frq_8.py,n_frq,53,n_frq,8,2,8,8,0.5,0.5,0.7,0.6,1.0,0.5,96.600007,80,30,91.999998,138.00001,42.866666,1,1,1053,0
n_frq\set53\n_frq_12.py,n_frq,53,n_frq,12,2,8,12,0.5,0.5,0.7,0.6,1.0,0.5,96.599998,80,32,92.0,137.999998,42.8,1,1,1053,0
n_frq\set54\n_frq_2.py,n_frq,54,n_frq,2,2,8,2,0.5,0.5,0.7,0.6,1.0,0.5,96.599994,80,26,91.999999,137.999992,44.085714,1,1,1054,0
n_frq\set54\n_frq_3.py,n_frq,54,n_frq,3,2,8,3,0.5,0.5,0.7,0.6,1.0,0.5,96.600008,80,24,92.000001,138.000011,44.085715,1,1,1054,0
n_frq\set54\n_frq_5.py,n_frq,54,n_frq,5,2,8,5,0.5,0.5,0.7,0.6,1.0,0.5,96.600008,80,24,92.000001,138.000011,44.085715,1,1,1054,0
n_frq\set54\n_frq_8.py,n_frq,54,n_frq,8,2,8,8,0.5,0.5,0.7,0.6,1.0,0.5,96.600004,80,33,92.000002,138.000006,42.800001,1,1,1054,0
n_frq\set54\n_frq_12.py,n_frq,54,n_frq,12,2,8,12,0.5,0.5,0.7,0.6,1.0,0.5,96.600009,80,31,92.000002,138.000013,42.800001,1,1,1054,0
n_frq\set55\n_frq_2.py,n_frq,55,n_frq,2,2,8,2,0.5,0.5,0.7,0.6,1.0,0.5,96.599993,80,22,91.999994,137.99999,44.085712,1,1,1055,0
n_frq\set55\n_frq_3.py,n_frq,55,n_frq,3,2,8,3,0.5,0.5,0.7,0.6,1.0,0.5,96.600003,80,19,92.0,138.000005,44.085714,1,1,1055,0
n_frq\set55\n_frq_5.py,n_frq,55,n_frq,5,2,8,5,0.5,0.5,0.7,0.6,1.0,0.5,96.600003,80,19,92.0,138.000005,44.085714,1,1,1055,0
n_frq\set55\n_frq_8.py,n_frq,55,n_frq,8,2,8,8,0.5,0.5,0.7,0.6,1.0,0.5,96.600003,80,28,92.0,138.000005,42.866667,1,1,1055,0
n_frq\set55\n_frq_12.py,n_frq,55,n_frq,12,2,8,12,0.5,0.5,0.7,0.6,1.0,0.5,96.599999,80,27,92.000001,137.999999,42.866667,1,1,1055,0
n_frq\set56\n_frq_2.py,n_frq,56,n_frq,2,2,8,2,0.5,0.5,0.7,0.6,1.0,0.5,96.599995,80,26,92.000001,137.999993,44.085715,1,1,1056,0
n_frq\set56\n_frq_3.py,n_frq,56,n_frq,3,2,8,3,0.5,0.5,0.7,0.6,1.0,0.5,96.599995,80,26,92.000001,137.999993,42.800001,1,1,1056,0
n_frq\set56\n_frq_5.py,n_frq,56,n_frq,5,2,8,5,0.5,0.5,0.7,0.6,1.0,0.5,96.600003,80,29,92.000006,138.000005,42.800003,1,1,1056,0
n_frq\set56\n_frq_8.py,n_frq,56,n_frq,8,2,8,8,0.5,0.5,0.7,0.6,1.0,0.5,96.600006,80,36,91.999998,138.000008,42.799999,1,1,1056,0
n_frq\set56\n_frq_12.py,n_frq,56,n_frq,12,2,8,12,0.5,0.5,0.7,0.6,1.0,0.5,96.600009,80,29,91.999999,138.000013,42.799999,1,1,1056,0
n_frq\set57\n_frq_2.py,n_frq,57,n_frq,2,2,8,2,0.5,0.5,0.7,0.6,1.0,0.5,96.600001,80,26,92.000003,138.000001,56.342859,1,1,1057,0
n_frq\set57\n_frq_3.py,n_frq,57,n_frq,3,2,8,3,0.5,0.5,0.7,0.6,1.0,0.5,96.600001,80,26,92.000003,138.000001,56.342859,1,1,1057,0
n_frq\set57\n_frq_5.py,n_frq,57,n_frq,5,2,8,5,0.5,0.5,0.7,0.6,1.0,0.5,96.599999,80,26,91.999997,137.999999,42.799998,1,1,1057,0
n_frq\set57\n_frq_8.py,n_frq,57,n_frq,8,2,8,8,0.5,0.5,0.7,0.6,1.0,0.5,96.599992,80,28,91.999995,137.999989,42.799998,1,1,1057,0
n_frq\set57\n_frq_12.py,n_frq,57,n_frq,12,2,8,12,0.5,0.5,0.7,0.6,1.0,0.5,96.599994,80,26,91.999999,137.999992,42.799999,1,1,1057,0
n_frq\set58\n_frq_2.py,n_frq,58,n_frq,2,2,8,2,0.5,0.5,0.7,0.6,1.0,0.5,96.599999,80,32,92.000001,137.999999,44.000001,1,1,1058,0
n_frq\set58\n_frq_3.py,n_frq,58,n_frq,3,2,8,3,0.5,0.5,0.7,0.6,1.0,0.5,96.599993,80,32,91.999994,137.99999,42.799997,1,1,1058,0
n_frq\set58\n_frq_5.py,n_frq,58,n_frq,5,2,8,5,0.5,0.5,0.7,0.6,1.0,0.5,96.600007,80,39,92.000012,138.00001,42.800005,1,1,1058,0
n_frq\set58\n_frq_8.py,n_frq,58,n_frq,8,2,8,8,0.5,0.5,0.7,0.6,1.0,0.5,96.600002,80,47,91.999997,138.000002,42.799998,1,1,1058,0
n_frq\set58\n_frq_12.py,n_frq,58,n_frq,12,2,8,12,0.5,0.5,0.7,0.6,1.0,0.5,96.600002,80,40,92.000008,138.000003,42.800004,1,1,1058,0
n_frq\set59\n_frq_2.py,n_frq,59,n_frq,2,2,8,2,0.5,0.5,0.7,0.6,1.0,0.5,96.599993,80,30,92.000001,137.99999,47.200001,1,1,1059,0
n_frq\set59\n_frq_3.py,n_frq,59,n_frq,3,2,8,3,0.5,0.5,0.7,0.6,1.0,0.5,96.599993,80,30,92.000001,137.99999,44.085715,1,1,1059,0
n_frq\set59\n_frq_5.py,n_frq,59,n_frq,5,2,8,5,0.5,0.5,0.7,0.6,1.0,0.5,96.6,80,34,91.999998,138.0,42.866666,1,1,1059,0
n_frq\set59\n_frq_8.py,n_frq,59,n_frq,8,2,8,8,0.5,0.5,0.7,0.6,1.0,0.5,96.600003,80,43,91.999998,138.000005,42.866666,1,1,1059,0
n_frq\set59\n_frq_12.py,n_frq,59,n_frq,12,2,8,12,0.5,0.5,0.7,0.6,1.0,0.5,96.600002,80,32,92.000005,138.000002,42.800002,1,1,1059,0
n_frq\set60\n_frq_2.py,n_frq,60,n_frq,2,2,8,2,0.5,0.5,0.7,0.6,1.0,0.5,96.599996,80,39,91.999994,137.999994,42.866664,1,1,1060,0
n_frq\set60\n_frq_3.py,n_frq,60,n_frq,3,2,8,3,0.5,0.5,0.7,0.6,1.0,0.5,96.600006,80,35,91.999999,138.000009,42.866666,1,1,1060,0
n_frq\set60\n_frq_5.py,n_frq,60,n_frq,5,2,8,5,0.5,0.5,0.7,0.6,1.0,0.5,96.600006,80,33,91.999998,138.000008,42.866666,1,1,1060,0
n_frq\set60\n_frq_8.py,n_frq,60,n_frq,8,2,8,8,0.5,0.5,0.7,0.6,1.0,0.5,96.599998,80,35,92.000003,137.999998,42.800002,1,1,1060,0
n_frq\set60\n_frq_12.py,n_frq,60,n_frq,12,2,8,12,0.5,0.5,0.7,0.6,1.0,0.5,96.599995,80,31,92.000003,137.999993,42.800002,1,1,1060,0
n_frq\set61\n_frq_2.py,n_frq,61,n_frq,2,2,8,2,0.5,0.5,0.7,0.6,1.0,0.5,96.6,80,30,92.000001,138.0,46.018182,1,1,1061,0
n_frq\set61\n_frq_3.py,n_frq,61,n_frq,3,2,8,3,0.5,0.5,0.7,0.6,1.0,0.5,96.599996,80,34,91.999994,137.999994,46.018179,1,1,1061,0
n_frq\set61\n_frq_5.py,n_frq,61,n_frq,5,2,8,5,0.5,0.5,0.7,0.6,1.0,0.5,96.599989,80,36,92.000006,137.999984,42.800003,1,1,1061,0
n_frq\set61\n_frq_8.py,n_frq,61,n_frq,8,2,8,8,0.5,0.5,0.7,0.6,1.0,0.5,96.599998,80,24,92.000005,137.999998,42.800002,1,1,1061,0
n_frq\set61\n_frq_12.py,n_frq,61,n_frq,12,2,8,12,0.5,0.5,0.7,0.6,1.0,0.5,96.599998,80,21,91.999997,137.999997,42.799998,1,1,1061,0
n_frq\set62\n_frq_2.py,n_frq,62,n_frq,2,2,8,2,0.5,0.5,0.7,0.6,1.0,0.5,96.599996,80,40,92.000007,137.999994,44.085718,1,1,1062,0
n_frq\set62\n_frq_3.py,n_frq,62,n_frq,3,2,8,3,0.5,0.5,0.7,0.6,1.0,0.5,96.600009,80,40,91.999998,138.000013,42.866666,1,1,1062,0
n_frq\set62\n_frq_5.py,n_frq,62,n_frq,5,2,8,5,0.5,0.5,0.7,0.6,1.0,0.5,96.599994,80,40,92.000002,137.999992,42.866668,1,1,1062,0
n_frq\set62\n_frq_8.py,n_frq,62,n_frq,8,2,8,8,0.5,0.5,0.7,0.6,1.0,0.5,96.599994,80,40,91.999995,137.999992,42.866665,1,1,1062,0
n_frq\set62\n_frq_12.py,n_frq,62,n_frq,12,2,8,12,0.5,0.5,0.7,0.6,1.0,0.5,96.600001,80,21,92.000001,138.000001,42.866667,1,1,1062,0
n_frq\set63\n_frq_2.py,n_frq,63,n_frq,2,2,8,2,0.5,0.5,0.7,0.6,1.0,0.5,96.600005,80,24,92.000003,138.000007,42.800002,1,1,1063,0
n_frq\set63\n_frq_3.py,n_frq,63,n_frq,3,2,8,3,0.5,0.5,0.7,0.6,1.0,0.5,96.600005,80,24,92.000003,138.000007,42.800002,1,1,1063,0
n_frq\set63\n_frq_5.py,n_frq,63,n_frq,5,2,8,5,0.5,0.5,0.7,0.6,1.0,0.5,96.599999,80,21,91.999999,137.999999,42.799999,1,1,1063,0
n_frq\set63\n_frq_8.py,n_frq,63,n_frq,8,2,8,8,0.5,0.5,0.7,0.6,1.0,0.5,96.600004,80,28,92.000001,138.000006,42.800001,1,1,1063,0
n_frq\set63\n_frq_12.py,n_frq,63,n_frq,12,2,8,12,0.5,0.5,0.7,0.6,1.0,0.5,96.600004,80,43,92.000003,138.000006,42.800002,1,1,1063,0
n_frq\set64\n_frq_2.py,n_frq,64,n_frq,2,2,8,2,0.5,0.5,0.7,0.6,1.0,0.5,96.600003,80,30,92.0,138.000005,42.866667,1,1,1064,0
n_frq\set64\n_frq_3.py,n_frq,64,n_frq,3,2,8,3,0.5,0.5,0.7,0.6,1.0,0.5,96.599998,80,32,91.999997,137.999997,42.866665,1,1,1064,0
n_frq\set64\n_frq_5.py,n_frq,64,n_frq,5,2,8,5,0.5,0.5,0.7,0.6,1.0,0.5,96.600001,80,32,92.000003,138.000001,42.866668,1,1,1064,0
n_frq\set64\n_frq_8.py,n_frq,64,n_frq,8,2,8,8,0.5,0.5,0.7,0.6,1.0,0.5,96.599993,80,31,91.999995,137.99999,42.866665,1,1,1064,0
n_frq\set64\n_frq_12.py,n_frq,64,n_frq,12,2,8,12,0.5,0.5,0.7,0.6,1.0,0.5,96.599997,80,23,92.0,137.999995,42.8,1,1,1064,0
n_frq\set65\n_frq_2.py,n_frq,65,n_frq,2,2,8,2,0.5,0.5,0.7,0.6,1.0,0.5,96.600004,80,33,91.999999,138.000006,71.917646,1,1,1065,0
n_frq\set65\n_frq_3.py,n_frq,65,n_frq,3,2,8,3,0.5,0.5,0.7,0.6,1.0,0.5,96.600001,80,32,92.000005,138.000001,44.085716,1,1,1065,0
n_frq\set65\n_frq_5.py,n_frq,65,n_frq,5,2,8,5,0.5,0.5,0.7,0.6,1.0,0.5,96.600006,80,25,91.999999,138.000008,42.866666,1,1,1065,0
n_frq\set65\n_frq_8.py,n_frq,65,n_frq,8,2,8,8,0.5,0.5,0.7,0.6,1.0,0.5,96.599995,80,28,92.000002,137.999993,42.800001,1,1,1065,0
n_frq\set65\n_frq_12.py,n_frq,65,n_frq,12,2,8,12,0.5,0.5,0.7,0.6,1.0,0.5,96.599999,80,27,91.999994,137.999999,42.799997,1,1,1065,0
n_frq\set66\n_frq_2.py,n_frq,66,n_frq,2,2,8,2,0.5,0.5,0.7,0.6,1.0,0.5,96.600002,80,30,91.999997,138.000002,52.261537,1,1,1066,0
n_frq\set66\n_frq_3.py,n_frq,66,n_frq,3,2,8,3,0.5,0.5,0.7,0.6,1.0,0.5,96.600002,80,30,91.999997,138.000002,52.261537,1,1,1066,0
n_frq\set66\n_frq_5.py,n_frq,66,n_frq,5,2,8,5,0.5,0.5,0.7,0.6,1.0,0.5,96.599991,80,30,91.999997,137.999987,52.261537,1,1,1066,0
n_frq\set66\n_frq_8.py,n_frq,66,n_frq,8,2,8,8,0.5,0.5,0.7,0.6,1.0,0.5,96.599995,80,27,92.0,137.999993,44.0,1,1,1066,0
n_frq\set66\n_frq_12.py,n_frq,66,n_frq,12,2,8,12,0.5,0.5,0.7,0.6,1.0,0.5,96.600006,80,21,92.000005,138.000009,44.000002,1,1,1066,0
n_frq\set67\n_frq_2.py,n_frq,67,n_frq,2,2,8,2,0.5,0.5,0.7,0.6,1.0,0.5,96.599999,80,24,92.000002,137.999999,47.200001,1,1,1067,0
n_frq\set67\n_frq_3.py,n_frq,67,n_frq,3,2,8,3,0.5,0.5,0.7,0.6,1.0,0.5,96.599996,80,21,91.999995,137.999994,43.999998,1,1,1067,0
n_frq\set67\n_frq_5.py,n_frq,67,n_frq,5,2,8,5,0.5,0.5,0.7,0.6,1.0,0.5,96.600001,80,23,92.0,138.000001,42.8,1,1,1067,0
n_frq\set67\n_frq_8.py,n_frq,67,n_frq,8,2,8,8,0.5,0.5,0.7,0.6,1.0,0.5,96.600003,80,26,91.999995,138.000005,42.799998,1,1,1067,0
n_frq\set67\n_frq_12.py,n_frq,67,n_frq,12,2,8,12,0.5,0.5,0.7,0.6,1.0,0.5,96.600003,80,21,92.0,138.000005,42.8,1,1,1067,0
n_frq\set68\n_frq_2.py,n_frq,68,n_frq,2,2,8,2,0.5,0.5,0.7,0.6,1.0,0.5,96.599996,80,27,92.000002,137.999994,48.800001,1,1,1068,0
n_frq\set68\n_frq_3.py,n_frq,68,n_frq,3,2,8,3,0.5,0.5,0.7,0.6,1.0,0.5,96.60001,80,30,92.000008,138.000015,42.86667,1,1,1068,0
n_frq\set68\n_frq_5.py,n_frq,68,n_frq,5,2,8,5,0.5,0.5,0.7,0.6,1.0,0.5,96.59999,80,30,92.000006,137.999986,42.866669,1,1,1068,0
n_frq\set68\n_frq_8.py,n_frq,68,n_frq,8,2,8,8,0.5,0.5,0.7,0.6,1.0,0.5,96.599994,80,28,92.0,137.999992,42.866667,1,1,1068,0
n_frq\set68\n_frq_12.py,n_frq,68,n_frq,12,2,8,12,0.5,0.5,0.7,0.6,1.0,0.5,96.599999,80,31,91.999999,137.999999,42.799999,1,1,1068,0
n_frq\set69\n_frq_2.py,n_frq,69,n_frq,2,2,8,2,0.5,0.5,0.7,0.6,1.0,0.5,96.600001,80,36,92.0,138.000001,46.018182,1,1,1069,0
n_frq\set69\n_frq_3.py,n_frq,69,n_frq,3,2,8,3,0.5,0.5,0.7,0.6,1.0,0.5,96.600001,80,36,92.000001,138.000001,42.800001,1,1,1069,0
n_frq\set69\n_frq_5.py,n_frq,69,n_frq,5,2,8,5,0.5,0.5,0.7,0.6,1.0,0.5,96.600001,80,36,92.000001,138.000001,42.800001,1,1,1069,0
n_frq\set69\n_frq_8.py,n_frq,69,n_frq,8,2,8,8,0.5,0.5,0.7,0.6,1.0,0.5,96.599991,80,22,91.999991,137.999987,42.799996,1,1,1069,0
n_frq\set69\n_frq_12.py,n_frq,69,n_frq,12,2,8,12,0.5,0.5,0.7,0.6,1.0,0.5,96.6,80,29,91.999999,138.0,42.799999,1,1,1069,0
n_frq\set70\n_frq_2.py,n_frq,70,n_frq,2,2,8,2,0.5,0.5,0.7,0.6,1.0,0.5,96.600002,80,30,92.000001,138.000002,46.018182,1,1,1070,0
n_frq\set70\n_frq_3.py,n_frq,70,n_frq,3,2,8,3,0.5,0.5,0.7,0.6,1.0,0.5,96.599998,80,33,92.000002,137.999997,44.085715,1,1,1070,0
n_frq\set70\n_frq_5.py,n_frq,70,n_frq,5,2,8,5,0.5,0.5,0.7,0.6,1.0,0.5,96.599998,80,32,91.999994,137.999998,44.085712,1,1,1070,0
n_frq\set70\n_frq_8.py,n_frq,70,n_frq,8,2,8,8,0.5,0.5,0.7,0.6,1.0,0.5,96.599999,80,30,92.0,137.999999,42.8,1,1,1070,0
n_frq\set70\n_frq_12.py,n_frq,70,n_frq,12,2,8,12,0.5,0.5,0.7,0.6,1.0,0.5,96.599998,80,29,92.000006,137.999998,42.800003,1,1,1070,0
n_frq\set71\n_frq_2.py,n_frq,71,n_frq,2,2,8,2,0.5,0.5,0.7,0.6,1.0,0.5,96.600004,80,40,91.999993,138.000006,44.085711,1,1,1071,0
n_frq\set71\n_frq_3.py,n_frq,71,n_frq,3,2,8,3,0.5,0.5,0.7,0.6,1.0,0.5,96.600004,80,40,91.999993,138.000006,44.085711,1,1,1071,0
n_frq\set71\n_frq_5.py,n_frq,71,n_frq,5,2,8,5,0.5,0.5,0.7,0.6,1.0,0.5,96.600005,80,36,91.999993,138.000007,44.085711,1,1,1071,0
n_frq\set71\n_frq_8.py,n_frq,71,n_frq,8,2,8,8,0.5,0.5,0.7,0.6,1.0,0.5,96.599997,80,25,92.000003,137.999995,44.085716,1,1,1071,0
n_frq\set71\n_frq_12.py,n_frq,71,n_frq,12,2,8,12,0.5,0.5,0.7,0.6,1.0,0.5,96.599994,80,37,92.0,137.999992,42.8,1,1,1071,0
n_frq\set72\n_frq_2.py,n_frq,72,n_frq,2,2,8,2,0.5,0.5,0.7,0.6,1.0,0.5,96.600002,80,27,91.999999,138.000003,84.831578,1,1,1072,0
n_frq\set72\n_frq_3.py,n_frq,72,n_frq,3,2,8,3,0.5,0.5,0.7,0.6,1.0,0.5,96.60001,80,30,92.000009,138.000015,52.261544,1,1,1072,0
n_frq\set72\n_frq_5.py,n_frq,72,n_frq,5,2,8,5,0.5,0.5,0.7,0.6,1.0,0.5,96.600001,80,30,92.000006,138.000001,47.200003,1,1,1072,0
n_frq\set72\n_frq_8.py,n_frq,72,n_frq,8,2,8,8,0.5,0.5,0.7,0.6,1.0,0.5,96.600003,80,36,92.0,138.000005,44.0,1,1,1072,0
n_frq\set72\n_frq_12.py,n_frq,72,n_frq,12,2,8,12,0.5,0.5,0.7,0.6,1.0,0.5,96.599994,80,22,92.000002,137.999992,42.866668,1,1,1072,0
n_frq\set73\n_frq_2.py,n_frq,73,n_frq,2,2,8,2,0.5,0.5,0.7,0.6,1.0,0.5,96.600004,80,34,91.999998,138.000006,46.018181,1,1,1073,0
n_frq\set73\n_frq_3.py,n_frq,73,n_frq,3,2,8,3,0.5,0.5,0.7,0.6,1.0,0.5,96.599998,80,33,91.999994,137.999997,46.018179,1,1,1073,0
n_frq\set73\n_frq_5.py,n_frq,73,n_frq,5,2,8,5,0.5,0.5,0.7,0.6,1.0,0.5,96.600004,80,29,91.999997,138.000006,46.01818,1,1,1073,0
n_frq\set73\n_frq_8.py,n_frq,73,n_frq,8,2,8,8,0.5,0.5,0.7,0.6,1.0,0.5,96.600008,80,32,92.0,138.000012,44.085714,1,1,1073,0
n_frq\set73\n_frq_12.py,n_frq,73,n_frq,12,2,8,12,0.5,0.5,0.7,0.6,1.0,0.5,96.599998,80,35,91.999991,137.999997,42.866662,1,1,1073,0
n_frq\set74\n_frq_2.py,n_frq,74,n_frq,2,2,8,2,0.5,0.5,0.7,0.6,1.0,0.5,96.599999,80,33,91.999998,137.999999,66.199998,1,1,1074,0
n_frq\set74\n_frq_3.py,n_frq,74,n_frq,3,2,8,3,0.5,0.5,0.7,0.6,1.0,0.5,96.599994,80,39,91.999992,137.999991,48.799996,1,1,1074,0
n_frq\set74\n_frq_5.py,n_frq,74,n_frq,5,2,8,5,0.5,0.5,0.7,0.6,1.0,0.5,96.599996,80,36,91.999998,137.999994,42.799999,1,1,1074,0
n_frq\set74\n_frq_8.py,n_frq,74,n_frq,8,2,8,8,0.5,0.5,0.7,0.6,1.0,0.5,96.599996,80,29,91.999999,137.999994,42.799999,1,1,1074,0
n_frq\set74\n_frq_12.py,n_frq,74,n_frq,12,2,8,12,0.5,0.5,0.7,0.6,1.0,0.5,96.600002,80,22,92.000003,138.000002,42.800002,1,1,1074,0
n_frq\set75\n_frq_2.py,n_frq,75,n_frq,2,2,8,2,0.5,0.5,0.7,0.6,1.0,0.5,96.599992,80,31,92.000005,137.999989,47.200002,1,1,1075,0
n_frq\set75\n_frq_3.py,n_frq,75,n_frq,3,2,8,3,0.5,0.5,0.7,0.6,1.0,0.5,96.599998,80,25,91.999998,137.999998,42.866666,1,1,1075,0
n_frq\set75\n_frq_5.py,n_frq,75,n_frq,5,2,8,5,0.5,0.5,0.7,0.6,1.0,0.5,96.599989,80,31,91.999998,137.999984,42.866666,1,1,1075,0
n_frq\set75\n_frq_8.py,n_frq,75,n_frq,8,2,8,8,0.5,0.5,0.7,0.6,1.0,0.5,96.600001,80,34,91.999998,138.000001,42.799999,1,1,1075,0
n_frq\set75\n_frq_12.py,n_frq,75,n_frq,12,2,8,12,0.5,0.5,0.7,0.6,1.0,0.5,96.599998,80,26,91.999995,137.999997,42.799998,1,1,1075,0
n_frq\set76\n_frq_2.py,n_frq,76,n_frq,2,2,8,2,0.5,0.5,0.7,0.6,1.0,0.5,96.599996,80,27,91.999995,137.999994,42.799998,1,1,1076,0
n_frq\set76\n_frq_3.py,n_frq,76,n_frq,3,2,8,3,0.5,0.5,0.7,0.6,1.0,0.5,96.599996,80,30,91.999998,137.999994,42.799999,1,1,1076,0
n_frq\set76\n_frq_5.py,n_frq,76,n_frq,5,2,8,5,0.5,0.5,0.7,0.6,1.0,0.5,96.599995,80,32,91.999995,137.999993,42.799998,1,1,1076,0
n_frq\set76\n_frq_8.py,n_frq,76,n_frq,8,2,8,8,0.5,0.5,0.7,0.6,1.0,0.5,96.600007,80,33,92.000003,138.00001,42.800002,1,1,1076,0
n_frq\set76\n_frq_12.py,n_frq,76,n_frq,12,2,8,12,0.5,0.5,0.7,0.6,1.0,0.5,96.600013,80,29,92.000005,138.000018,42.800002,1,1,1076,0
n_frq\set77\n_frq_2.py,n_frq,77,n_frq,2,2,8,2,0.5,0.5,0.7,0.6,1.0,0.5,96.600002,80,24,91.999998,138.000003,47.199999,1,1,1077,0
n_frq\set77\n_frq_3.py,n_frq,77,n_frq,3,2,8,3,0.5,0.5,0.7,0.6,1.0,0.5,96.599995,80,24,91.999998,137.999993,42.866666,1,1,1077,0
n_frq\set77\n_frq_5.py,n_frq,77,n_frq,5,2,8,5,0.5,0.5,0.7,0.6,1.0,0.5,96.599996,80,23,91.999998,137.999994,42.866666,1,1,1077,0
n_frq\set77\n_frq_8.py,n_frq,77,n_frq,8,2,8,8,0.5,0.5,0.7,0.6,1.0,0.5,96.600004,80,22,92.0,138.000006,42.866667,1,1,1077,0
n_frq\set77\n_frq_12.py,n_frq,77,n_frq,12,2,8,12,0.5,0.5,0.7,0.6,1.0,0.5,96.599998,80,27,91.999998,137.999998,42.866666,1,1,1077,0
n_frq\set78\n_frq_2.py,n_frq,78,n_frq,2,2,8,2,0.5,0.5,0.7,0.6,1.0,0.5,96.599984,80,28,91.999993,137.999977,44.085711,1,1,1078,0
n_frq\set78\n_frq_3.py,n_frq,78,n_frq,3,2,8,3,0.5,0.5,0.7,0.6,1.0,0.5,96.599988,80,28,91.999992,137.999983,42.799996,1,1,1078,0
n_frq\set78\n_frq_5.py,n_frq,78,n_frq,5,2,8,5,0.5,0.5,0.7,0.6,1.0,0.5,96.599994,80,27,91.999999,137.999991,42.799999,1,1,1078,0
n_frq\set78\n_frq_8.py,n_frq,78,n_frq,8,2,8,8,0.5,0.5,0.7,0.6,1.0,0.5,96.600006,80,26,92.000003,138.000009,42.800002,1,1,1078,0
n_frq\set78\n_frq_12.py,n_frq,78,n_frq,12,2,8,12,0.5,0.5,0.7,0.6,1.0,0.5,96.599994,80,26,91.999994,137.999992,42.799997,1,1,1078,0
n_frq\set79\n_frq_2.py,n_frq,79,n_frq,2,2,8,2,0.5,0.5,0.7,0.6,1.0,0.5,96.600006,80,32,92.000003,138.000009,56.342859,1,1,1079,0
n_frq\set79\n_frq_3.py,n_frq,79,n_frq,3,2,8,3,0.5,0.5,0.7,0.6,1.0,0.5,96.599996,80,25,92.000009,137.999994,52.261544,1,1,1079,0
n_frq\set79\n_frq_5.py,n_frq,79,n_frq,5,2,8,5,0.5,0.5,0.7,0.6,1.0,0.5,96.599998,80,20,91.999999,137.999998,42.799999,1,1,1079,0
n_frq\set79\n_frq_8.py,n_frq,79,n_frq,8,2,8,8,0.5,0.5,0.7,0.6,1.0,0.5,96.6,80,20,91.999999,138.0,42.799999,1,1,1079,0
n_frq\set79\n_frq_12.py,n_frq,79,n_frq,12,2,8,12,0.5,0.5,0.7,0.6,1.0,0.5,96.60001,80,26,92.000005,138.000015,42.800002,1,1,1079,0
n_frq\set80\n_frq_2.py,n_frq,80,n_frq,2,2,8,2,0.5,0.5,0.7,0.6,1.0,0.5,96.599993,80,32,91.999993,137.99999,52.261535,1,1,1080,0
n_frq\set80\n_frq_3.py,n_frq,80,n_frq,3,2,8,3,0.5,0.5,0.7,0.6,1.0,0.5,96.599993,80,32,91.999993,137.99999,52.261535,1,1,1080,0
n_frq\set80\n_frq_5.py,n_frq,80,n_frq,5,2,8,5,0.5,0.5,0.7,0.6,1.0,0.5,96.600006,80,25,92.000008,138.000009,44.000004,1,1,1080,0
n_frq\set80\n_frq_8.py,n_frq,80,n_frq,8,2,8,8,0.5,0.5,0.7,0.6,1.0,0.5,96.600002,80,22,92.000001,138.000003,42.800001,1,1,1080,0
n_frq\set80\n_frq_12.py,n_frq,80,n_frq,12,2,8,12,0.5,0.5,0.7,0.6,1.0,0.5,96.599993,80,33,91.999997,137.99999,42.799998,1,1,1080,0
n_frq\set81\n_frq_2.py,n_frq,81,n_frq,2,2,8,2,0.5,0.5,0.7,0.6,1.0,0.5,96.599997,80,30,91.999997,137.999995,52.261537,1,1,1081,0
n_frq\set81\n_frq_3.py,n_frq,81,n_frq,3,2,8,3,0.5,0.5,0.7,0.6,1.0,0.5,96.600007,80,24,92.000001,138.00001,44.000001,1,1,1081,0
n_frq\set81\n_frq_5.py,n_frq,81,n_frq,5,2,8,5,0.5,0.5,0.7,0.6,1.0,0.5,96.600007,80,24,92.000001,138.00001,44.000001,1,1,1081,0
n_frq\set81\n_frq_8.py,n_frq,81,n_frq,8,2,8,8,0.5,0.5,0.7,0.6,1.0,0.5,96.599989,80,27,91.999995,137.999984,42.866665,1,1,1081,0
n_frq\set81\n_frq_12.py,n_frq,81,n_frq,12,2,8,12,0.5,0.5,0.7,0.6,1.0,0.5,96.600006,80,30,92.000001,138.000009,42.800001,1,1,1081,0
n_frq\set82\n_frq_2.py,n_frq,82,n_frq,2,2,8,2,0.5,0.5,0.7,0.6,1.0,0.5,96.599994,80,28,91.999993,137.999991,42.866663,1,1,1082,0
n_frq\set82\n_frq_3.py,n_frq,82,n_frq,3,2,8,3,0.5,0.5,0.7,0.6,1.0,0.5,96.599994,80,28,91.999993,137.999991,42.866663,1,1,1082,0
n_frq\set82\n_frq_5.py,n_frq,82,n_frq,5,2,8,5,0.5,0.5,0.7,0.6,1.0,0.5,96.600007,80,35,92.000005,138.00001,42.866669,1,1,1082,0
n_frq\set82\n_frq_8.py,n_frq,82,n_frq,8,2,8,8,0.5,0.5,0.7,0.6,1.0,0.5,96.600001,80,36,91.999995,138.000001,42.866665,1,1,1082,0
n_frq\set82\n_frq_12.py,n_frq,82,n_frq,12,2,8,12,0.5,0.5,0.7,0.6,1.0,0.5,96.600001,80,29,92.0,138.000001,42.866667,1,1,1082,0
n_frq\set83\n_frq_2.py,n_frq,83,n_frq,2,2,8,2,0.5,0.5,0.7,0.6,1.0,0.5,96.600006,80,27,92.000006,138.000009,42.866669,1,1,1083,0
n_frq\set83\n_frq_3.py,n_frq,83,n_frq,3,2,8,3,0.5,0.5,0.7,0.6,1.0,0.5,96.599996,80,29,91.999992,137.999994,42.866663,1,1,1083,0
n_frq\set83\n_frq_5.py,n_frq,83,n_frq,5,2,8,5,0.5,0.5,0.7,0.6,1.0,0.5,96.600002,80,26,92.000007,138.000003,42.86667,1,1,1083,0
n_frq\set83\n_frq_8.py,n_frq,83,n_frq,8,2,8,8,0.5,0.5,0.7,0.6,1.0,0.5,96.600005,80,28,91.999994,138.000007,42.799997,1,1,1083,0
n_frq\set83\n_frq_12.py,n_frq,83,n_frq,12,2,8,12,0.5,0.5,0.7,0.6,1.0,0.5,96.599994,80,26,91.999997,137.999992,42.799998,1,1,1083,0
n_frq\set84\n_frq_2.py,n_frq,84,n_frq,2,2,8,2,0.5,0.5,0.7,0.6,1.0,0.5,96.599999,80,25,92.000002,137.999999,47.200001,1,1,1084,0
n_frq\set84\n_frq_3.py,n_frq,84,n_frq,3,2,8,3,0.5,0.5,0.7,0.6,1.0,0.5,96.599999,80,25,92.000002,137.999999,47.200001,1,1,1084,0
n_frq\set84\n_frq_5.py,n_frq,84,n_frq,5,2,8,5,0.5,0.5,0.7,0.6,1.0,0.5,96.599995,80,32,91.999998,137.999993,47.199999,1,1,1084,0
n_frq\set84\n_frq_8.py,n_frq,84,n_frq,8,2,8,8,0.5,0.5,0.7,0.6,1.0,0.5,96.600006,80,21,92.000003,138.000008,42.866668,1,1,1084,0
n_frq\set84\n_frq_12.py,n_frq,84,n_frq,12,2,8,12,0.5,0.5,0.7,0.6,1.0,0.5,96.600005,80,23,92.0,138.000007,42.866667,1,1,1084,0
n_frq\set85\n_frq_2.py,n_frq,85,n_frq,2,2,8,2,0.5,0.5,0.7,0.6,1.0,0.5,96.599997,80,37,91.999997,137.999995,66.199998,1,1,1085,0
n_frq\set85\n_frq_3.py,n_frq,85,n_frq,3,2,8,3,0.5,0.5,0.7,0.6,1.0,0.5,96.599997,80,37,91.999997,137.999995,66.199998,1,1,1085,0
n_frq\set85\n_frq_5.py,n_frq,85,n_frq,5,2,8,5,0.5,0.5,0.7,0.6,1.0,0.5,96.599997,80,37,91.999997,137.999995,66.199998,1,1,1085,0
n_frq\set85\n_frq_8.py,n_frq,85,n_frq,8,2,8,8,0.5,0.5,0.7,0.6,1.0,0.5,96.599994,80,37,91.999999,137.999991,43.999999,1,1,1085,0
n_frq\set85\n_frq_12.py,n_frq,85,n_frq,12,2,8,12,0.5,0.5,0.7,0.6,1.0,0.5,96.599997,80,47,91.999998,137.999995,42.799999,1,1,1085,0
n_frq\set86\n_frq_2.py,n_frq,86,n_frq,2,2,8,2,0.5,0.5,0.7,0.6,1.0,0.5,96.600006,80,24,91.999995,138.000008,84.831575,1,1,1086,0
n_frq\set86\n_frq_3.py,n_frq,86,n_frq,3,2,8,3,0.5,0.5,0.7,0.6,1.0,0.5,96.600006,80,24,91.999995,138.000008,60.999997,1,1,1086,0
n_frq\set86\n_frq_5.py,n_frq,86,n_frq,5,2,8,5,0.5,0.5,0.7,0.6,1.0,0.5,96.600002,80,26,92.000006,138.000002,48.800003,1,1,1086,0
n_frq\set86\n_frq_8.py,n_frq,86,n_frq,8,2,8,8,0.5,0.5,0.7,0.6,1.0,0.5,96.600002,80,23,92.0,138.000003,42.8,1,1,1086,0
n_frq\set86\n_frq_12.py,n_frq,86,n_frq,12,2,8,12,0.5,0.5,0.7,0.6,1.0,0.5,96.600004,80,30,92.000001,138.000006,42.800001,1,1,1086,0
n_frq\set87\n_frq_2.py,n_frq,87,n_frq,2,2,8,2,0.5,0.5,0.7,0.6,1.0,0.5,96.599994,80,24,92.000002,137.999992,42.866668,1,1,1087,0
n_frq\set87\n_frq_3.py,n_frq,87,n_frq,3,2,8,3,0.5,0.5,0.7,0.6,1.0,0.5,96.599994,80,24,92.000002,137.999992,42.866668,1,1,1087,0
n_frq\set87\n_frq_5.py,n_frq,87,n_frq,5,2,8,5,0.5,0.5,0.7,0.6,1.0,0.5,96.599994,80,33,91.999992,137.999992,42.866663,1,1,1087,0
n_frq\set87\n_frq_8.py,n_frq,87,n_frq,8,2,8,8,0.5,0.5,0.7,0.6,1.0,0.5,96.600001,80,30,91.999994,138.000001,42.866664,1,1,1087,0
n_frq\set87\n_frq_12.py,n_frq,87,n_frq,12,2,8,12,0.5,0.5,0.7,0.6,1.0,0.5,96.599998,80,25,91.999998,137.999998,42.799999,1,1,1087,0
n_frq\set88\n_frq_2.py,n_frq,88,n_frq,2,2,8,2,0.5,0.5,0.7,0.6,1.0,0.5,96.600001,80,24,92.000002,138.000001,56.342859,1,1,1088,0
n_frq\set88\n_frq_3.py,n_frq,88,n_frq,3,2,8,3,0.5,0.5,0.7,0.6,1.0,0.5,96.600001,80,24,92.000002,138.000001,56.342859,1,1,1088,0
n_frq\set88\n_frq_5.py,n_frq,88,n_frq,5,2,8,5,0.5,0.5,0.7,0.6,1.0,0.5,96.599994,80,25,91.999998,137.999992,46.018181,1,1,1088,0
n_frq\set88\n_frq_8.py,n_frq,88,n_frq,8,2,8,8,0.5,0.5,0.7,0.6,1.0,0.5,96.600006,80,29,92.000006,138.000009,42.800003,1,1,1088,0
n_frq\set88\n_frq_12.py,n_frq,88,n_frq,12,2,8,12,0.5,0.5,0.7,0.6,1.0,0.5,96.599996,80,33,91.999998,137.999994,42.799999,1,1,1088,0
n_frq\set89\n_frq_2.py,n_frq,89,n_frq,2,2,8,2,0.5,0.5,0.7,0.6,1.0,0.5,96.599986,80,30,91.999999,137.99998,46.018181,1,1,1089,0
n_frq\set89\n_frq_3.py,n_frq,89,n_frq,3,2,8,3,0.5,0.5,0.7,0.6,1.0,0.5,96.599986,80,30,91.999999,137.99998,46.018181,1,1,1089,0
n_frq\set89\n_frq_5.py,n_frq,89,n_frq,5,2,8,5,0.5,0.5,0.7,0.6,1.0,0.5,96.599995,80,37,91.999993,137.999993,46.018178,1,1,1089,0
n_frq\set89\n_frq_8.py,n_frq,89,n_frq,8,2,8,8,0.5,0.5,0.7,0.6,1.0,0.5,96.600001,80,47,92.000003,138.000001,42.800002,1,1,1089,0
n_frq\set89\n_frq_12.py,n_frq,89,n_frq,12,2,8,12,0.5,0.5,0.7,0.6,1.0,0.5,96.600001,80,43,91.999998,138.000001,42.799999,1,1,1089,0
n_frq\set90\n_frq_2.py,n_frq,90,n_frq,2,2,8,2,0.5,0.5,0.7,0.6,1.0,0.5,96.60001,80,37,92.000001,138.000014,42.800001,1,1,1090,0
n_frq\set90\n_frq_3.py,n_frq,90,n_frq,3,2,8,3,0.5,0.5,0.7,0.6,1.0,0.5,96.600005,80,36,92.000005,138.000007,42.800002,1,1,1090,0
n_frq\set90\n_frq_5.py,n_frq,90,n_frq,5,2,8,5,0.5,0.5,0.7,0.6,1.0,0.5,96.599997,80,40,92.0,137.999995,42.8,1,1,1090,0
n_frq\set90\n_frq_8.py,n_frq,90,n_frq,8,2,8,8,0.5,0.5,0.7,0.6,1.0,0.5,96.599997,80,29,92.000001,137.999995,42.800001,1,1,1090,0
n_frq\set90\n_frq_12.py,n_frq,90,n_frq,12,2,8,12,0.5,0.5,0.7,0.6,1.0,0.5,96.600001,80,28,92.000002,138.000001,42.800001,1,1,1090,0
n_frq\set91\n_frq_2.py,n_frq,91,n_frq,2,2,8,2,0.5,0.5,0.7,0.6,1.0,0.5,96.600007,80,31,92.000003,138.00001,46.018184,1,1,1091,0
n_frq\set91\n_frq_3.py,n_frq,91,n_frq,3,2,8,3,0.5,0.5,0.7,0.6,1.0,0.5,96.599995,80,33,91.999999,137.999993,46.018181,1,1,1091,0
n_frq\set91\n_frq_5.py,n_frq,91,n_frq,5,2,8,5,0.5,0.5,0.7,0.6,1.0,0.5,96.599991,80,27,91.999995,137.999987,43.999998,1,1,1091,0
n_frq\set91\n_frq_8.py,n_frq,91,n_frq,8,2,8,8,0.5,0.5,0.7,0.6,1.0,0.5,96.599996,80,28,91.999994,137.999994,42.866664,1,1,1091,0
n_frq\set91\n_frq_12.py,n_frq,91,n_frq,12,2,8,12,0.5,0.5,0.7,0.6,1.0,0.5,96.6,80,30,92.0,138.0,42.8,1,1,1091,0
n_frq\set92\n_frq_2.py,n_frq,92,n_frq,2,2,8,2,0.5,0.5,0.7,0.6,1.0,0.5,96.600004,80,27,92.000006,138.000006,56.342861,1,1,1092,0
n_frq\set92\n_frq_3.py,n_frq,92,n_frq,3,2,8,3,0.5,0.5,0.7,0.6,1.0,0.5,96.599994,80,27,91.999998,137.999992,52.261537,1,1,1092,0
n_frq\set92\n_frq_5.py,n_frq,92,n_frq,5,2,8,5,0.5,0.5,0.7,0.6,1.0,0.5,96.599994,80,28,91.999991,137.999992,42.866662,1,1,1092,0
n_frq\set92\n_frq_8.py,n_frq,92,n_frq,8,2,8,8,0.5,0.5,0.7,0.6,1.0,0.5,96.600006,80,27,92.000008,138.000008,42.800004,1,1,1092,0
n_frq\set92\n_frq_12.py,n_frq,92,n_frq,12,2,8,12,0.5,0.5,0.7,0.6,1.0,0.5,96.599995,80,30,92.000006,137.999993,42.800003,1,1,1092,0
n_frq\set93\n_frq_2.py,n_frq,93,n_frq,2,2,8,2,0.5,0.5,0.7,0.6,1.0,0.5,96.599994,80,30,92.0,137.999991,46.018182,1,1,1093,0
n_frq\set93\n_frq_3.py,n_frq,93,n_frq,3,2,8,3,0.5,0.5,0.7,0.6,1.0,0.5,96.599994,80,30,92.0,137.999991,46.018182,1,1,1093,0
n_frq\set93\n_frq_5.py,n_frq,93,n_frq,5,2,8,5,0.5,0.5,0.7,0.6,1.0,0.5,96.599994,80,29,92.000007,137.999992,46.018185,1,1,1093,0
n_frq\set93\n_frq_8.py,n_frq,93,n_frq,8,2,8,8,0.5,0.5,0.7,0.6,1.0,0.5,96.599994,80,32,91.999995,137.999991,42.799998,1,1,1093,0
n_frq\set93\n_frq_12.py,n_frq,93,n_frq,12,2,8,12,0.5,0.5,0.7,0.6,1.0,0.5,96.600002,80,26,92.000001,138.000003,42.800001,1,1,1093,0
n_frq\set94\n_frq_2.py,n_frq,94,n_frq,2,2,8,2,0.5,0.5,0.7,0.6,1.0,0.5,96.6,80,27,92.0,138.0,56.342857,1,1,1094,0
n_frq\set94\n_frq_3.py,n_frq,94,n_frq,3,2,8,3,0.5,0.5,0.7,0.6,1.0,0.5,96.6,80,27,92.0,138.0,56.342857,1,1,1094,0
n_frq\set94\n_frq_5.py,n_frq,94,n_frq,5,2,8,5,0.5,0.5,0.7,0.6,1.0,0.5,96.600002,80,27,92.000002,138.000002,46.018183,1,1,1094,0
n_frq\set94\n_frq_8.py,n_frq,94,n_frq,8,2,8,8,0.5,0.5,0.7,0.6,1.0,0.5,96.600001,80,27,91.999998,138.000001,46.018181,1,1,1094,0
n_frq\set94\n_frq_12.py,n_frq,94,n_frq,12,2,8,12,0.5,0.5,0.7,0.6,1.0,0.5,96.600002,80,21,91.999997,138.000003,42.799998,1,1,1094,0
n_frq\set95\n_frq_2.py,n_frq,95,n_frq,2,2,8,2,0.5,0.5,0.7,0.6,1.0,0.5,96.600007,80,25,92.0,138.00001,42.866667,1,1,1095,0
n_frq\set95\n_frq_3.py,n_frq,95,n_frq,3,2,8,3,0.5,0.5,0.7,0.6,1.0,0.5,96.599998,80,22,92.0,137.999998,42.866667,1,1,1095,0
n_frq\set95\n_frq_5.py,n_frq,95,n_frq,5,2,8,5,0.5,0.5,0.7,0.6,1.0,0.5,96.599994,80,23,91.999997,137.999991,42.866665,1,1,1095,0
n_frq\set95\n_frq_8.py,n_frq,95,n_frq,8,2,8,8,0.5,0.5,0.7,0.6,1.0,0.5,96.599991,80,24,91.999997,137.999987,42.799998,1,1,1095,0
n_frq\set95\n_frq_12.py,n_frq,95,n_frq,12,2,8,12,0.5,0.5,0.7,0.6,1.0,0.5,96.599993,80,29,92.000001,137.99999,42.800001,1,1,1095,0
n_frq\set96\n_frq_2.py,n_frq,96,n_frq,2,2,8,2,0.5,0.5,0.7,0.6,1.0,0.5,96.599995,80,27,91.999995,137.999993,48.799998,1,1,1096,0
n_frq\set96\n_frq_3.py,n_frq,96,n_frq,3,2,8,3,0.5,0.5,0.7,0.6,1.0,0.5,96.60001,80,28,92.000002,138.000015,44.085715,1,1,1096,0
n_frq\set96\n_frq_5.py,n_frq,96,n_frq,5,2,8,5,0.5,0.5,0.7,0.6,1.0,0.5,96.600002,80,28,92.000003,138.000003,44.085716,1,1,1096,0
n_frq\set96\n_frq_8.py,n_frq,96,n_frq,8,2,8,8,0.5,0.5,0.7,0.6,1.0,0.5,96.6,80,29,92.000007,138.0,44.000003,1,1,1096,0
n_frq\set96\n_frq_12.py,n_frq,96,n_frq,12,2,8,12,0.5,0.5,0.7,0.6,1.0,0.5,96.600003,80,36,91.999997,138.000005,42.799998,1,1,1096,0
n_frq\set97\n_frq_2.py,n_frq,97,n_frq,2,2,8,2,0.5,0.5,0.7,0.6,1.0,0.5,96.599995,80,23,91.999994,137.999993,44.085712,1,1,1097,0
n_frq\set97\n_frq_3.py,n_frq,97,n_frq,3,2,8,3,0.5,0.5,0.7,0.6,1.0,0.5,96.600001,80,23,92.000003,138.000001,44.085716,1,1,1097,0
n_frq\set97\n_frq_5.py,n_frq,97,n_frq,5,2,8,5,0.5,0.5,0.7,0.6,1.0,0.5,96.600007,80,24,92.000007,138.00001,44.085718,1,1,1097,0
n_frq\set97\n_frq_8.py,n_frq,97,n_frq,8,2,8,8,0.5,0.5,0.7,0.6,1.0,0.5,96.599999,80,20,92.000006,137.999999,44.085717,1,1,1097,0
n_frq\set97\n_frq_12.py,n_frq,97,n_frq,12,2,8,12,0.5,0.5,0.7,0.6,1.0,0.5,96.600005,80,23,91.999997,138.000007,43.999998,1,1,1097,0
n_frq\set98\n_frq_2.py,n_frq,98,n_frq,2,2,8,2,0.5,0.5,0.7,0.6,1.0,0.5,96.599995,80,29,91.999997,137.999993,42.799998,1,1,1098,0
n_frq\set98\n_frq_3.py,n_frq,98,n_frq,3,2,8,3,0.5,0.5,0.7,0.6,1.0,0.5,96.599995,80,29,91.999997,137.999993,42.799998,1,1,1098,0
n_frq\set98\n_frq_5.py,n_frq,98,n_frq,5,2,8,5,0.5,0.5,0.7,0.6,1.0,0.5,96.599995,80,36,92.0,137.999993,42.8,1,1,1098,0
n_frq\set98\n_frq_8.py,n_frq,98,n_frq,8,2,8,8,0.5,0.5,0.7,0.6,1.0,0.5,96.600004,80,34,91.999992,138.000006,42.799996,1,1,1098,0
n_frq\set98\n_frq_12.py,n_frq,98,n_frq,12,2,8,12,0.5,0.5,0.7,0.6,1.0,0.5,96.600002,80,31,91.999998,138.000002,42.799999,1,1,1098,0
n_frq\set99\n_frq_2.py,n_frq,99,n_frq,2,2,8,2,0.5,0.5,0.7,0.6,1.0,0.5,96.599997,80,29,91.999998,137.999995,42.866666,1,1,1099,0
n_frq\set99\n_frq_3.py,n_frq,99,n_frq,3,2,8,3,0.5,0.5,0.7,0.6,1.0,0.5,96.59999,80,33,91.999999,137.999985,42.866666,1,1,1099,0
n_frq\set99\n_frq_5.py,n_frq,99,n_frq,5,2,8,5,0.5,0.5,0.7,0.6,1.0,0.5,96.59999,80,33,91.999999,137.999985,42.866666,1,1,1099,0
n_frq\set99\n_frq_8.py,n_frq,99,n_frq,8,2,8,8,0.5,0.5,0.7,0.6,1.0,0.5,96.599999,80,35,92.000001,137.999999,42.800001,1,1,1099,0
n_frq\set99\n_frq_12.py,n_frq,99,n_frq,12,2,8,12,0.5,0.5,0.7,0.6,1.0,0.5,96.600003,80,23,92.000006,138.000005,42.800003,1,1,1099,0
